orden_id,usuario_id,fecha,estado,canal,producto_id,producto_nombre,categoria,precio_unitario,cantidad,descuento_pct,precio_final,subtotal,anio,mes,mes_nombre
1,65,2024-12-03,delivered,Direct Sales,8,CoreFit Basketball Shoes v3,Footwear,91.6,18.0,8.9,83.45,1502.1,2024,12,December
1,65,2024-12-03,delivered,Direct Sales,58,AthletX Sports Bra v3,Apparel,87.71,112.0,7.5,81.13,9086.56,2024,12,December
2,6,2024-06-10,shipped,Distributor,91,CoreFit Resistance Bands v1,Equipment,36.9,61.0,18.0,30.26,1845.86,2024,6,June
2,6,2024-06-10,shipped,Distributor,57,CoreFit Sports Bra v2,Apparel,64.26,83.0,7.4,59.5,4938.5,2024,6,June
3,87,2024-06-03,delivered,Direct Sales,7,SportRetail Pro Basketball Shoes v2,Footwear,203.78,13.0,19.3,164.45,2137.85,2024,6,June
3,87,2024-06-03,delivered,Direct Sales,102,CoreFit Yoga Mat v2,Equipment,89.84,76.0,15.6,75.82,5762.32,2024,6,June
3,87,2024-06-03,delivered,Direct Sales,81,PowerEdge Gym Bag v1,Accessories,29.43,41.0,17.4,24.31,996.71,2024,6,June
3,87,2024-06-03,delivered,Direct Sales,83,SpeedMax Gym Bag v3,Accessories,75.79,114.0,2.6,73.82,8415.48,2024,6,June
3,87,2024-06-03,delivered,Direct Sales,43,CoreFit Track Jacket v3,Apparel,24.85,82.0,8.3,22.79,1868.78,2024,6,June
4,45,2024-11-26,shipped,Direct Sales,84,PowerEdge Gym Bag v4,Accessories,51.74,55.0,16.3,43.31,2382.05,2024,11,November
4,45,2024-11-26,shipped,Direct Sales,90,SpeedMax Sport Socks v5,Accessories,54.28,95.0,8.6,49.61,4712.95,2024,11,November
4,45,2024-11-26,shipped,Direct Sales,85,PowerEdge Gym Bag v5,Accessories,57.4,44.0,8.1,52.75,2321.0,2024,11,November
5,86,2024-03-03,shipped,Direct Sales,107,CoreFit Foam Roller v2,Equipment,69.74,87.0,19.1,56.42,4908.54,2024,3,March
5,86,2024-03-03,shipped,Direct Sales,95,SportRetail Pro Resistance Bands v5,Equipment,69.54,70.0,11.7,61.4,4298.0,2024,3,March
5,86,2024-03-03,shipped,Direct Sales,88,SportRetail Pro Sport Socks v3,Accessories,29.31,51.0,10.2,26.32,1342.32,2024,3,March
5,86,2024-03-03,shipped,Direct Sales,117,SpeedMax Agility Ladder v2,Equipment,47.29,32.0,19.7,37.97,1215.04,2024,3,March
5,86,2024-03-03,shipped,Direct Sales,68,PowerEdge Water Bottle v3,Accessories,32.86,103.0,6.8,30.63,3154.89,2024,3,March
5,86,2024-03-03,shipped,Direct Sales,12,AthletX Training Shoes v2,Footwear,222.62,33.0,13.5,192.57,6354.81,2024,3,March
6,65,2024-03-24,shipped,Distributor,107,CoreFit Foam Roller v2,Equipment,69.74,89.0,19.1,56.42,5021.38,2024,3,March
6,65,2024-03-24,shipped,Distributor,95,SportRetail Pro Resistance Bands v5,Equipment,69.54,103.0,11.7,61.4,6324.2,2024,3,March
6,65,2024-03-24,shipped,Distributor,114,SpeedMax Training Gloves v4,Equipment,23.85,81.0,24.8,17.94,1453.14,2024,3,March
6,65,2024-03-24,shipped,Distributor,68,PowerEdge Water Bottle v3,Accessories,32.86,25.0,6.8,30.63,765.75,2024,3,March
6,65,2024-03-24,shipped,Distributor,5,SportRetail Pro Running Shoes v5,Footwear,135.77,93.0,8.6,124.09,11540.37,2024,3,March
7,47,2024-08-15,delivered,Distributor,93,SportRetail Pro Resistance Bands v3,Equipment,94.1,100.0,7.4,87.14,8714.0,2024,8,August
7,47,2024-08-15,delivered,Distributor,31,SportRetail Pro Performance T-Shirt v1,Apparel,38.11,34.0,0.1,38.07,1294.38,2024,8,August
7,47,2024-08-15,delivered,Distributor,57,CoreFit Sports Bra v2,Apparel,64.26,44.0,7.4,59.5,2618.0,2024,8,August
7,47,2024-08-15,delivered,Distributor,79,UrbanSport Headband v4,Accessories,87.1,105.0,18.0,71.42,7499.1,2024,8,August
7,47,2024-08-15,delivered,Distributor,37,SpeedMax Training Shorts v2,Apparel,34.4,111.0,16.1,28.86,3203.46,2024,8,August
7,47,2024-08-15,delivered,Distributor,97,UrbanSport Jump Rope v2,Equipment,105.17,91.0,2.1,102.96,9369.36,2024,8,August
8,65,2024-02-10,confirmed,Direct Sales,54,SpeedMax Football Jersey v4,Apparel,118.95,82.0,4.8,113.24,9285.68,2024,2,February
8,65,2024-02-10,confirmed,Direct Sales,21,SpeedMax Football Boots v1,Footwear,268.04,37.0,4.1,257.05,9510.85,2024,2,February
8,65,2024-02-10,confirmed,Direct Sales,105,UrbanSport Yoga Mat v5,Equipment,61.91,66.0,2.0,60.67,4004.22,2024,2,February
8,65,2024-02-10,confirmed,Direct Sales,26,SpeedMax Tennis Shoes v1,Footwear,236.69,75.0,4.8,225.33,16899.75,2024,2,February
8,65,2024-02-10,confirmed,Direct Sales,103,PowerEdge Yoga Mat v3,Equipment,29.15,96.0,6.6,27.23,2614.08,2024,2,February
9,35,2024-07-17,shipped,Distributor,116,SpeedMax Agility Ladder v1,Equipment,33.11,60.0,15.0,28.14,1688.4,2024,7,July
9,35,2024-07-17,shipped,Distributor,66,UrbanSport Water Bottle v1,Accessories,44.14,33.0,22.7,34.12,1125.96,2024,7,July
9,35,2024-07-17,shipped,Distributor,19,SportRetail Pro Slides v4,Footwear,264.05,118.0,22.0,205.96,24303.28,2024,7,July
9,35,2024-07-17,shipped,Distributor,107,CoreFit Foam Roller v2,Equipment,69.74,8.0,19.1,56.42,451.36,2024,7,July
10,11,2024-05-27,delivered,Direct Sales,29,SportRetail Pro Tennis Shoes v4,Footwear,154.7,17.0,21.5,121.44,2064.48,2024,5,May
10,11,2024-05-27,delivered,Direct Sales,4,AthletX Running Shoes v4,Footwear,212.08,88.0,8.5,194.05,17076.4,2024,5,May
10,11,2024-05-27,delivered,Direct Sales,41,CoreFit Track Jacket v1,Apparel,32.7,23.0,2.7,31.82,731.86,2024,5,May
11,98,2024-07-21,delivered,Distributor,61,AthletX Sport Backpack v1,Accessories,63.82,7.0,5.6,60.25,421.75,2024,7,July
11,98,2024-07-21,delivered,Distributor,58,AthletX Sports Bra v3,Apparel,87.71,111.0,7.5,81.13,9005.43,2024,7,July
11,98,2024-07-21,delivered,Distributor,79,UrbanSport Headband v4,Accessories,87.1,98.0,18.0,71.42,6999.16,2024,7,July
11,98,2024-07-21,delivered,Distributor,1,PowerEdge Running Shoes v1,Footwear,80.05,59.0,18.5,65.24,3849.16,2024,7,July
11,98,2024-07-21,delivered,Distributor,116,SpeedMax Agility Ladder v1,Equipment,33.11,41.0,15.0,28.14,1153.74,2024,7,July
11,98,2024-07-21,delivered,Distributor,11,UrbanSport Training Shoes v1,Footwear,252.18,20.0,7.9,232.26,4645.2,2024,7,July
12,9,2024-09-01,delivered,E-commerce B2B,108,UrbanSport Foam Roller v3,Equipment,56.41,120.0,20.4,44.9,5388.0,2024,9,September
13,31,2024-09-01,shipped,Distributor,19,SportRetail Pro Slides v4,Footwear,264.05,35.0,22.0,205.96,7208.6,2024,9,September
13,31,2024-09-01,shipped,Distributor,38,UrbanSport Training Shorts v3,Apparel,129.83,28.0,24.9,97.5,2730.0,2024,9,September
13,31,2024-09-01,shipped,Distributor,55,PowerEdge Football Jersey v5,Apparel,99.14,15.0,18.5,80.8,1212.0,2024,9,September
13,31,2024-09-01,shipped,Distributor,1,PowerEdge Running Shoes v1,Footwear,80.05,51.0,18.5,65.24,3327.24,2024,9,September
13,31,2024-09-01,shipped,Distributor,79,UrbanSport Headband v4,Accessories,87.1,72.0,18.0,71.42,5142.24,2024,9,September
13,31,2024-09-01,shipped,Distributor,46,SportRetail Pro Compression Tights v1,Apparel,118.88,105.0,5.3,112.58,11820.9,2024,9,September
14,6,2024-11-06,delivered,E-commerce B2B,50,SpeedMax Compression Tights v5,Apparel,58.46,105.0,20.5,46.48,4880.4,2024,11,November
14,6,2024-11-06,delivered,E-commerce B2B,48,SpeedMax Compression Tights v3,Apparel,22.73,35.0,18.4,18.55,649.25,2024,11,November
14,6,2024-11-06,delivered,E-commerce B2B,33,UrbanSport Performance T-Shirt v3,Apparel,100.93,85.0,1.5,99.42,8450.7,2024,11,November
14,6,2024-11-06,delivered,E-commerce B2B,96,SportRetail Pro Jump Rope v1,Equipment,93.1,79.0,10.0,83.79,6619.41,2024,11,November
14,6,2024-11-06,delivered,E-commerce B2B,3,AthletX Running Shoes v3,Footwear,216.1,47.0,17.5,178.28,8379.16,2024,11,November
14,6,2024-11-06,delivered,E-commerce B2B,46,SportRetail Pro Compression Tights v1,Apparel,118.88,50.0,5.3,112.58,5629.0,2024,11,November
15,60,2024-09-16,shipped,E-commerce B2B,62,SportRetail Pro Sport Backpack v2,Accessories,46.43,96.0,22.2,36.12,3467.52,2024,9,September
15,60,2024-09-16,shipped,E-commerce B2B,81,PowerEdge Gym Bag v1,Accessories,29.43,63.0,17.4,24.31,1531.53,2024,9,September
15,60,2024-09-16,shipped,E-commerce B2B,24,SportRetail Pro Football Boots v4,Footwear,214.26,30.0,1.5,211.05,6331.5,2024,9,September
15,60,2024-09-16,shipped,E-commerce B2B,104,UrbanSport Yoga Mat v4,Equipment,102.51,30.0,11.0,91.23,2736.9,2024,9,September
15,60,2024-09-16,shipped,E-commerce B2B,18,CoreFit Slides v3,Footwear,226.56,45.0,13.5,195.97,8818.65,2024,9,September
15,60,2024-09-16,shipped,E-commerce B2B,9,AthletX Basketball Shoes v4,Footwear,175.18,70.0,6.1,164.49,11514.3,2024,9,September
16,25,2024-07-24,shipped,Distributor,46,SportRetail Pro Compression Tights v1,Apparel,118.88,11.0,5.3,112.58,1238.38,2024,7,July
16,25,2024-07-24,shipped,Distributor,111,SportRetail Pro Training Gloves v1,Equipment,77.48,47.0,13.6,66.94,3146.18,2024,7,July
16,25,2024-07-24,shipped,Distributor,100,PowerEdge Jump Rope v5,Equipment,22.71,107.0,6.0,21.35,2284.45,2024,7,July
17,44,2024-02-24,shipped,Distributor,64,PowerEdge Sport Backpack v4,Accessories,51.44,68.0,1.3,50.77,3452.36,2024,2,February
17,44,2024-02-24,shipped,Distributor,89,SpeedMax Sport Socks v4,Accessories,73.43,107.0,2.3,71.74,7676.18,2024,2,February
18,78,2024-05-15,delivered,Distributor,70,SpeedMax Water Bottle v5,Accessories,41.16,46.0,19.2,33.26,1529.96,2024,5,May
18,78,2024-05-15,delivered,Distributor,38,UrbanSport Training Shorts v3,Apparel,129.83,46.0,24.9,97.5,4485.0,2024,5,May
19,22,2024-03-01,confirmed,E-commerce B2B,57,CoreFit Sports Bra v2,Apparel,64.26,50.0,7.4,59.5,2975.0,2024,3,March
19,22,2024-03-01,confirmed,E-commerce B2B,45,CoreFit Track Jacket v5,Apparel,84.08,60.0,3.7,80.97,4858.2,2024,3,March
19,22,2024-03-01,confirmed,E-commerce B2B,58,AthletX Sports Bra v3,Apparel,87.71,106.0,7.5,81.13,8599.78,2024,3,March
19,22,2024-03-01,confirmed,E-commerce B2B,6,SpeedMax Basketball Shoes v1,Footwear,72.73,14.0,7.3,67.42,943.88,2024,3,March
19,22,2024-03-01,confirmed,E-commerce B2B,94,SportRetail Pro Resistance Bands v4,Equipment,107.56,56.0,13.8,92.72,5192.32,2024,3,March
19,22,2024-03-01,confirmed,E-commerce B2B,112,PowerEdge Training Gloves v2,Equipment,56.99,107.0,1.3,56.25,6018.75,2024,3,March
20,87,2024-06-12,shipped,Direct Sales,5,SportRetail Pro Running Shoes v5,Footwear,135.77,104.0,8.6,124.09,12905.36,2024,6,June
20,87,2024-06-12,shipped,Direct Sales,17,AthletX Slides v2,Footwear,169.23,51.0,2.7,164.66,8397.66,2024,6,June
20,87,2024-06-12,shipped,Direct Sales,9,AthletX Basketball Shoes v4,Footwear,175.18,77.0,6.1,164.49,12665.73,2024,6,June
20,87,2024-06-12,shipped,Direct Sales,31,SportRetail Pro Performance T-Shirt v1,Apparel,38.11,24.0,0.1,38.07,913.68,2024,6,June
21,74,2024-02-01,delivered,Distributor,68,PowerEdge Water Bottle v3,Accessories,32.86,55.0,6.8,30.63,1684.65,2024,2,February
21,74,2024-02-01,delivered,Distributor,47,SpeedMax Compression Tights v2,Apparel,127.12,40.0,18.7,103.35,4134.0,2024,2,February
22,67,2024-03-28,confirmed,Direct Sales,117,SpeedMax Agility Ladder v2,Equipment,47.29,104.0,19.7,37.97,3948.88,2024,3,March
22,67,2024-03-28,confirmed,Direct Sales,72,UrbanSport Cap v2,Accessories,81.82,62.0,12.2,71.84,4454.08,2024,3,March
22,67,2024-03-28,confirmed,Direct Sales,16,CoreFit Slides v1,Footwear,152.82,83.0,11.3,135.55,11250.65,2024,3,March
22,67,2024-03-28,confirmed,Direct Sales,34,UrbanSport Performance T-Shirt v4,Apparel,37.32,67.0,24.0,28.36,1900.12,2024,3,March
23,92,2024-12-23,cancelled,E-commerce B2B,12,AthletX Training Shoes v2,Footwear,222.62,45.0,13.5,192.57,8665.65,2024,12,December
23,92,2024-12-23,cancelled,E-commerce B2B,104,UrbanSport Yoga Mat v4,Equipment,102.51,95.0,11.0,91.23,8666.85,2024,12,December
23,92,2024-12-23,cancelled,E-commerce B2B,88,SportRetail Pro Sport Socks v3,Accessories,29.31,74.0,10.2,26.32,1947.68,2024,12,December
23,92,2024-12-23,cancelled,E-commerce B2B,109,SportRetail Pro Foam Roller v4,Equipment,96.48,43.0,8.2,88.57,3808.51,2024,12,December
24,23,2024-10-12,delivered,E-commerce B2B,66,UrbanSport Water Bottle v1,Accessories,44.14,30.0,22.7,34.12,1023.6,2024,10,October
24,23,2024-10-12,delivered,E-commerce B2B,29,SportRetail Pro Tennis Shoes v4,Footwear,154.7,35.0,21.5,121.44,4250.4,2024,10,October
24,23,2024-10-12,delivered,E-commerce B2B,16,CoreFit Slides v1,Footwear,152.82,8.0,11.3,135.55,1084.4,2024,10,October
25,17,2024-08-15,delivered,Distributor,114,SpeedMax Training Gloves v4,Equipment,23.85,96.0,24.8,17.94,1722.24,2024,8,August
25,17,2024-08-15,delivered,Distributor,12,AthletX Training Shoes v2,Footwear,222.62,72.0,13.5,192.57,13865.04,2024,8,August
25,17,2024-08-15,delivered,Distributor,9,AthletX Basketball Shoes v4,Footwear,175.18,57.0,6.1,164.49,9375.93,2024,8,August
25,17,2024-08-15,delivered,Distributor,40,PowerEdge Training Shorts v5,Apparel,78.18,14.0,16.7,65.12,911.68,2024,8,August
25,17,2024-08-15,delivered,Distributor,51,CoreFit Football Jersey v1,Apparel,115.08,45.0,24.2,87.23,3925.35,2024,8,August
26,17,2024-04-12,cancelled,E-commerce B2B,82,UrbanSport Gym Bag v2,Accessories,72.61,60.0,8.7,66.29,3977.4,2024,4,April
26,17,2024-04-12,cancelled,E-commerce B2B,76,CoreFit Headband v1,Accessories,76.79,116.0,11.8,67.73,7856.68,2024,4,April
26,17,2024-04-12,cancelled,E-commerce B2B,24,SportRetail Pro Football Boots v4,Footwear,214.26,20.0,1.5,211.05,4221.0,2024,4,April
26,17,2024-04-12,cancelled,E-commerce B2B,99,CoreFit Jump Rope v4,Equipment,69.02,43.0,1.5,67.98,2923.14,2024,4,April
26,17,2024-04-12,cancelled,E-commerce B2B,17,AthletX Slides v2,Footwear,169.23,46.0,2.7,164.66,7574.36,2024,4,April
27,37,2024-09-09,confirmed,Distributor,33,UrbanSport Performance T-Shirt v3,Apparel,100.93,30.0,1.5,99.42,2982.6,2024,9,September
28,79,2024-01-03,confirmed,E-commerce B2B,12,AthletX Training Shoes v2,Footwear,222.62,79.0,13.5,192.57,15213.03,2024,1,January
28,79,2024-01-03,confirmed,E-commerce B2B,65,PowerEdge Sport Backpack v5,Accessories,52.49,89.0,14.0,45.14,4017.46,2024,1,January
28,79,2024-01-03,confirmed,E-commerce B2B,83,SpeedMax Gym Bag v3,Accessories,75.79,120.0,2.6,73.82,8858.4,2024,1,January
28,79,2024-01-03,confirmed,E-commerce B2B,22,PowerEdge Football Boots v2,Footwear,210.22,112.0,17.8,172.8,19353.6,2024,1,January
28,79,2024-01-03,confirmed,E-commerce B2B,76,CoreFit Headband v1,Accessories,76.79,10.0,11.8,67.73,677.3,2024,1,January
29,99,2024-11-13,shipped,Direct Sales,34,UrbanSport Performance T-Shirt v4,Apparel,37.32,58.0,24.0,28.36,1644.88,2024,11,November
29,99,2024-11-13,shipped,Direct Sales,84,PowerEdge Gym Bag v4,Accessories,51.74,8.0,16.3,43.31,346.48,2024,11,November
29,99,2024-11-13,shipped,Direct Sales,27,PowerEdge Tennis Shoes v2,Footwear,67.19,85.0,16.3,56.24,4780.4,2024,11,November
29,99,2024-11-13,shipped,Direct Sales,99,CoreFit Jump Rope v4,Equipment,69.02,87.0,1.5,67.98,5914.26,2024,11,November
29,99,2024-11-13,shipped,Direct Sales,74,UrbanSport Cap v4,Accessories,55.15,66.0,0.7,54.76,3614.16,2024,11,November
30,89,2024-08-07,shipped,Direct Sales,21,SpeedMax Football Boots v1,Footwear,268.04,61.0,4.1,257.05,15680.05,2024,8,August
31,41,2024-10-14,shipped,Direct Sales,41,CoreFit Track Jacket v1,Apparel,32.7,102.0,2.7,31.82,3245.64,2024,10,October
31,41,2024-10-14,shipped,Direct Sales,94,SportRetail Pro Resistance Bands v4,Equipment,107.56,76.0,13.8,92.72,7046.72,2024,10,October
31,41,2024-10-14,shipped,Direct Sales,111,SportRetail Pro Training Gloves v1,Equipment,77.48,35.0,13.6,66.94,2342.9,2024,10,October
31,41,2024-10-14,shipped,Direct Sales,45,CoreFit Track Jacket v5,Apparel,84.08,39.0,3.7,80.97,3157.83,2024,10,October
31,41,2024-10-14,shipped,Direct Sales,52,UrbanSport Football Jersey v2,Apparel,56.43,23.0,0.7,56.03,1288.69,2024,10,October
31,41,2024-10-14,shipped,Direct Sales,17,AthletX Slides v2,Footwear,169.23,42.0,2.7,164.66,6915.72,2024,10,October
32,42,2024-04-07,delivered,Direct Sales,93,SportRetail Pro Resistance Bands v3,Equipment,94.1,68.0,7.4,87.14,5925.52,2024,4,April
32,42,2024-04-07,delivered,Direct Sales,41,CoreFit Track Jacket v1,Apparel,32.7,64.0,2.7,31.82,2036.48,2024,4,April
32,42,2024-04-07,delivered,Direct Sales,25,PowerEdge Football Boots v5,Footwear,164.22,44.0,13.5,142.05,6250.2,2024,4,April
32,42,2024-04-07,delivered,Direct Sales,98,UrbanSport Jump Rope v3,Equipment,36.44,16.0,13.1,31.67,506.72,2024,4,April
32,42,2024-04-07,delivered,Direct Sales,21,SpeedMax Football Boots v1,Footwear,268.04,69.0,4.1,257.05,17736.45,2024,4,April
33,7,2024-07-05,delivered,E-commerce B2B,64,PowerEdge Sport Backpack v4,Accessories,51.44,112.0,1.3,50.77,5686.24,2024,7,July
33,7,2024-07-05,delivered,E-commerce B2B,77,PowerEdge Headband v2,Accessories,13.22,65.0,0.8,13.11,852.15,2024,7,July
33,7,2024-07-05,delivered,E-commerce B2B,113,SportRetail Pro Training Gloves v3,Equipment,17.74,6.0,15.8,14.94,89.64,2024,7,July
34,47,2024-05-27,cancelled,E-commerce B2B,47,SpeedMax Compression Tights v2,Apparel,127.12,77.0,18.7,103.35,7957.95,2024,5,May
34,47,2024-05-27,cancelled,E-commerce B2B,6,SpeedMax Basketball Shoes v1,Footwear,72.73,51.0,7.3,67.42,3438.42,2024,5,May
34,47,2024-05-27,cancelled,E-commerce B2B,52,UrbanSport Football Jersey v2,Apparel,56.43,14.0,0.7,56.03,784.42,2024,5,May
34,47,2024-05-27,cancelled,E-commerce B2B,7,SportRetail Pro Basketball Shoes v2,Footwear,203.78,62.0,19.3,164.45,10195.9,2024,5,May
35,79,2024-06-18,cancelled,Direct Sales,17,AthletX Slides v2,Footwear,169.23,17.0,2.7,164.66,2799.22,2024,6,June
36,26,2024-06-06,shipped,E-commerce B2B,66,UrbanSport Water Bottle v1,Accessories,44.14,22.0,22.7,34.12,750.64,2024,6,June
36,26,2024-06-06,shipped,E-commerce B2B,52,UrbanSport Football Jersey v2,Apparel,56.43,107.0,0.7,56.03,5995.21,2024,6,June
36,26,2024-06-06,shipped,E-commerce B2B,65,PowerEdge Sport Backpack v5,Accessories,52.49,63.0,14.0,45.14,2843.82,2024,6,June
36,26,2024-06-06,shipped,E-commerce B2B,6,SpeedMax Basketball Shoes v1,Footwear,72.73,119.0,7.3,67.42,8022.98,2024,6,June
36,26,2024-06-06,shipped,E-commerce B2B,5,SportRetail Pro Running Shoes v5,Footwear,135.77,46.0,8.6,124.09,5708.14,2024,6,June
37,95,2024-01-12,shipped,Direct Sales,76,CoreFit Headband v1,Accessories,76.79,111.0,11.8,67.73,7518.03,2024,1,January
37,95,2024-01-12,shipped,Direct Sales,44,PowerEdge Track Jacket v4,Apparel,67.05,67.0,0.2,66.92,4483.64,2024,1,January
37,95,2024-01-12,shipped,Direct Sales,65,PowerEdge Sport Backpack v5,Accessories,52.49,43.0,14.0,45.14,1941.02,2024,1,January
38,54,2024-10-16,confirmed,E-commerce B2B,40,PowerEdge Training Shorts v5,Apparel,78.18,93.0,16.7,65.12,6056.16,2024,10,October
38,54,2024-10-16,confirmed,E-commerce B2B,102,CoreFit Yoga Mat v2,Equipment,89.84,81.0,15.6,75.82,6141.42,2024,10,October
38,54,2024-10-16,confirmed,E-commerce B2B,116,SpeedMax Agility Ladder v1,Equipment,33.11,88.0,15.0,28.14,2476.32,2024,10,October
38,54,2024-10-16,confirmed,E-commerce B2B,93,SportRetail Pro Resistance Bands v3,Equipment,94.1,104.0,7.4,87.14,9062.56,2024,10,October
38,54,2024-10-16,confirmed,E-commerce B2B,112,PowerEdge Training Gloves v2,Equipment,56.99,34.0,1.3,56.25,1912.5,2024,10,October
39,93,2024-04-14,delivered,E-commerce B2B,100,PowerEdge Jump Rope v5,Equipment,22.71,92.0,6.0,21.35,1964.2,2024,4,April
39,93,2024-04-14,delivered,E-commerce B2B,108,UrbanSport Foam Roller v3,Equipment,56.41,78.0,20.4,44.9,3502.2,2024,4,April
39,93,2024-04-14,delivered,E-commerce B2B,49,AthletX Compression Tights v4,Apparel,49.35,19.0,19.7,39.63,752.97,2024,4,April
39,93,2024-04-14,delivered,E-commerce B2B,19,SportRetail Pro Slides v4,Footwear,264.05,61.0,22.0,205.96,12563.56,2024,4,April
39,93,2024-04-14,delivered,E-commerce B2B,106,SportRetail Pro Foam Roller v1,Equipment,36.75,24.0,16.9,30.54,732.96,2024,4,April
40,61,2024-12-22,delivered,E-commerce B2B,94,SportRetail Pro Resistance Bands v4,Equipment,107.56,76.0,13.8,92.72,7046.72,2024,12,December
40,61,2024-12-22,delivered,E-commerce B2B,8,CoreFit Basketball Shoes v3,Footwear,91.6,89.0,8.9,83.45,7427.05,2024,12,December
40,61,2024-12-22,delivered,E-commerce B2B,91,CoreFit Resistance Bands v1,Equipment,36.9,53.0,18.0,30.26,1603.78,2024,12,December
40,61,2024-12-22,delivered,E-commerce B2B,18,CoreFit Slides v3,Footwear,226.56,27.0,13.5,195.97,5291.19,2024,12,December
40,61,2024-12-22,delivered,E-commerce B2B,67,AthletX Water Bottle v2,Accessories,77.19,73.0,6.9,71.86,5245.78,2024,12,December
40,61,2024-12-22,delivered,E-commerce B2B,27,PowerEdge Tennis Shoes v2,Footwear,67.19,50.0,16.3,56.24,2812.0,2024,12,December
41,34,2024-12-09,shipped,E-commerce B2B,62,SportRetail Pro Sport Backpack v2,Accessories,46.43,43.0,22.2,36.12,1553.16,2024,12,December
41,34,2024-12-09,shipped,E-commerce B2B,25,PowerEdge Football Boots v5,Footwear,164.22,43.0,13.5,142.05,6108.15,2024,12,December
41,34,2024-12-09,shipped,E-commerce B2B,32,PowerEdge Performance T-Shirt v2,Apparel,129.5,95.0,13.9,111.5,10592.5,2024,12,December
41,34,2024-12-09,shipped,E-commerce B2B,36,PowerEdge Training Shorts v1,Apparel,84.2,95.0,13.1,73.17,6951.15,2024,12,December
41,34,2024-12-09,shipped,E-commerce B2B,72,UrbanSport Cap v2,Accessories,81.82,66.0,12.2,71.84,4741.44,2024,12,December
42,87,2024-04-27,delivered,E-commerce B2B,49,AthletX Compression Tights v4,Apparel,49.35,103.0,19.7,39.63,4081.89,2024,4,April
42,87,2024-04-27,delivered,E-commerce B2B,115,PowerEdge Training Gloves v5,Equipment,42.73,42.0,17.6,35.21,1478.82,2024,4,April
42,87,2024-04-27,delivered,E-commerce B2B,51,CoreFit Football Jersey v1,Apparel,115.08,96.0,24.2,87.23,8374.08,2024,4,April
42,87,2024-04-27,delivered,E-commerce B2B,105,UrbanSport Yoga Mat v5,Equipment,61.91,61.0,2.0,60.67,3700.87,2024,4,April
42,87,2024-04-27,delivered,E-commerce B2B,45,CoreFit Track Jacket v5,Apparel,84.08,100.0,3.7,80.97,8097.0,2024,4,April
43,90,2024-11-08,confirmed,Distributor,18,CoreFit Slides v3,Footwear,226.56,99.0,13.5,195.97,19401.03,2024,11,November
43,90,2024-11-08,confirmed,Distributor,14,SpeedMax Training Shoes v4,Footwear,189.19,36.0,9.6,171.03,6157.08,2024,11,November
43,90,2024-11-08,confirmed,Distributor,79,UrbanSport Headband v4,Accessories,87.1,120.0,18.0,71.42,8570.4,2024,11,November
44,43,2024-01-25,confirmed,E-commerce B2B,61,AthletX Sport Backpack v1,Accessories,63.82,75.0,5.6,60.25,4518.75,2024,1,January
44,43,2024-01-25,confirmed,E-commerce B2B,13,AthletX Training Shoes v3,Footwear,169.64,25.0,2.3,165.74,4143.5,2024,1,January
44,43,2024-01-25,confirmed,E-commerce B2B,88,SportRetail Pro Sport Socks v3,Accessories,29.31,117.0,10.2,26.32,3079.44,2024,1,January
44,43,2024-01-25,confirmed,E-commerce B2B,99,CoreFit Jump Rope v4,Equipment,69.02,66.0,1.5,67.98,4486.68,2024,1,January
44,43,2024-01-25,confirmed,E-commerce B2B,18,CoreFit Slides v3,Footwear,226.56,101.0,13.5,195.97,19792.97,2024,1,January
44,43,2024-01-25,confirmed,E-commerce B2B,1,PowerEdge Running Shoes v1,Footwear,80.05,46.0,18.5,65.24,3001.04,2024,1,January
45,30,2024-05-02,confirmed,E-commerce B2B,95,SportRetail Pro Resistance Bands v5,Equipment,69.54,27.0,11.7,61.4,1657.8,2024,5,May
45,30,2024-05-02,confirmed,E-commerce B2B,93,SportRetail Pro Resistance Bands v3,Equipment,94.1,112.0,7.4,87.14,9759.68,2024,5,May
45,30,2024-05-02,confirmed,E-commerce B2B,109,SportRetail Pro Foam Roller v4,Equipment,96.48,9.0,8.2,88.57,797.13,2024,5,May
45,30,2024-05-02,confirmed,E-commerce B2B,120,SpeedMax Agility Ladder v5,Equipment,19.15,55.0,18.6,15.59,857.45,2024,5,May
45,30,2024-05-02,confirmed,E-commerce B2B,5,SportRetail Pro Running Shoes v5,Footwear,135.77,28.0,8.6,124.09,3474.52,2024,5,May
46,78,2024-11-18,delivered,Direct Sales,119,UrbanSport Agility Ladder v4,Equipment,50.83,47.0,23.3,38.99,1832.53,2024,11,November
47,65,2024-05-19,delivered,Direct Sales,35,AthletX Performance T-Shirt v5,Apparel,64.42,47.0,23.5,49.28,2316.16,2024,5,May
47,65,2024-05-19,delivered,Direct Sales,25,PowerEdge Football Boots v5,Footwear,164.22,63.0,13.5,142.05,8949.15,2024,5,May
47,65,2024-05-19,delivered,Direct Sales,104,UrbanSport Yoga Mat v4,Equipment,102.51,96.0,11.0,91.23,8758.08,2024,5,May
47,65,2024-05-19,delivered,Direct Sales,15,SportRetail Pro Training Shoes v5,Footwear,208.06,99.0,2.9,202.03,20000.97,2024,5,May
48,23,2024-07-08,shipped,Distributor,110,UrbanSport Foam Roller v5,Equipment,18.49,59.0,2.2,18.08,1066.72,2024,7,July
48,23,2024-07-08,shipped,Distributor,82,UrbanSport Gym Bag v2,Accessories,72.61,16.0,8.7,66.29,1060.64,2024,7,July
48,23,2024-07-08,shipped,Distributor,115,PowerEdge Training Gloves v5,Equipment,42.73,17.0,17.6,35.21,598.57,2024,7,July
48,23,2024-07-08,shipped,Distributor,52,UrbanSport Football Jersey v2,Apparel,56.43,22.0,0.7,56.03,1232.66,2024,7,July
48,23,2024-07-08,shipped,Distributor,106,SportRetail Pro Foam Roller v1,Equipment,36.75,0.0,16.9,30.54,0.0,2024,7,July
49,43,2024-08-10,confirmed,E-commerce B2B,75,CoreFit Cap v5,Accessories,26.93,6.0,8.2,24.72,148.32,2024,8,August
49,43,2024-08-10,confirmed,E-commerce B2B,93,SportRetail Pro Resistance Bands v3,Equipment,94.1,51.0,7.4,87.14,4444.14,2024,8,August
49,43,2024-08-10,confirmed,E-commerce B2B,74,UrbanSport Cap v4,Accessories,55.15,12.0,0.7,54.76,657.12,2024,8,August
50,65,2024-08-25,delivered,E-commerce B2B,99,CoreFit Jump Rope v4,Equipment,69.02,42.0,1.5,67.98,2855.16,2024,8,August
50,65,2024-08-25,delivered,E-commerce B2B,40,PowerEdge Training Shorts v5,Apparel,78.18,33.0,16.7,65.12,2148.96,2024,8,August
50,65,2024-08-25,delivered,E-commerce B2B,89,SpeedMax Sport Socks v4,Accessories,73.43,22.0,2.3,71.74,1578.28,2024,8,August
50,65,2024-08-25,delivered,E-commerce B2B,16,CoreFit Slides v1,Footwear,152.82,63.0,11.3,135.55,8539.65,2024,8,August
50,65,2024-08-25,delivered,E-commerce B2B,82,UrbanSport Gym Bag v2,Accessories,72.61,82.0,8.7,66.29,5435.78,2024,8,August
50,65,2024-08-25,delivered,E-commerce B2B,118,UrbanSport Agility Ladder v3,Equipment,109.9,94.0,12.2,96.49,9070.06,2024,8,August
51,28,2024-09-23,shipped,E-commerce B2B,88,SportRetail Pro Sport Socks v3,Accessories,29.31,81.0,10.2,26.32,2131.92,2024,9,September
51,28,2024-09-23,shipped,E-commerce B2B,97,UrbanSport Jump Rope v2,Equipment,105.17,15.0,2.1,102.96,1544.4,2024,9,September
52,15,2024-04-19,delivered,Direct Sales,107,CoreFit Foam Roller v2,Equipment,69.74,75.0,19.1,56.42,4231.5,2024,4,April
53,42,2024-09-15,delivered,Distributor,57,CoreFit Sports Bra v2,Apparel,64.26,79.0,7.4,59.5,4700.5,2024,9,September
53,42,2024-09-15,delivered,Distributor,15,SportRetail Pro Training Shoes v5,Footwear,208.06,120.0,2.9,202.03,24243.6,2024,9,September
53,42,2024-09-15,delivered,Distributor,88,SportRetail Pro Sport Socks v3,Accessories,29.31,108.0,10.2,26.32,2842.56,2024,9,September
53,42,2024-09-15,delivered,Distributor,27,PowerEdge Tennis Shoes v2,Footwear,67.19,21.0,16.3,56.24,1181.04,2024,9,September
53,42,2024-09-15,delivered,Distributor,92,AthletX Resistance Bands v2,Equipment,35.56,63.0,12.1,31.26,1969.38,2024,9,September
54,93,2024-12-07,delivered,Direct Sales,51,CoreFit Football Jersey v1,Apparel,115.08,37.0,24.2,87.23,3227.51,2024,12,December
55,55,2024-07-06,delivered,E-commerce B2B,90,SpeedMax Sport Socks v5,Accessories,54.28,12.0,8.6,49.61,595.32,2024,7,July
55,55,2024-07-06,delivered,E-commerce B2B,9,AthletX Basketball Shoes v4,Footwear,175.18,13.0,6.1,164.49,2138.37,2024,7,July
55,55,2024-07-06,delivered,E-commerce B2B,70,SpeedMax Water Bottle v5,Accessories,41.16,65.0,19.2,33.26,2161.9,2024,7,July
56,94,2024-03-24,cancelled,Direct Sales,54,SpeedMax Football Jersey v4,Apparel,118.95,53.0,4.8,113.24,6001.72,2024,3,March
56,94,2024-03-24,cancelled,Direct Sales,48,SpeedMax Compression Tights v3,Apparel,22.73,92.0,18.4,18.55,1706.6,2024,3,March
56,94,2024-03-24,cancelled,Direct Sales,115,PowerEdge Training Gloves v5,Equipment,42.73,116.0,17.6,35.21,4084.36,2024,3,March
56,94,2024-03-24,cancelled,Direct Sales,49,AthletX Compression Tights v4,Apparel,49.35,88.0,19.7,39.63,3487.44,2024,3,March
56,94,2024-03-24,cancelled,Direct Sales,58,AthletX Sports Bra v3,Apparel,87.71,20.0,7.5,81.13,1622.6,2024,3,March
56,94,2024-03-24,cancelled,Direct Sales,112,PowerEdge Training Gloves v2,Equipment,56.99,73.0,1.3,56.25,4106.25,2024,3,March
57,97,2024-09-14,delivered,Direct Sales,39,SportRetail Pro Training Shorts v4,Apparel,116.72,64.0,9.2,105.98,6782.72,2024,9,September
58,32,2024-01-08,shipped,Direct Sales,45,CoreFit Track Jacket v5,Apparel,84.08,117.0,3.7,80.97,9473.49,2024,1,January
58,32,2024-01-08,shipped,Direct Sales,20,SportRetail Pro Slides v5,Footwear,74.27,19.0,12.1,65.28,1240.32,2024,1,January
58,32,2024-01-08,shipped,Direct Sales,36,PowerEdge Training Shorts v1,Apparel,84.2,89.0,13.1,73.17,6512.13,2024,1,January
58,32,2024-01-08,shipped,Direct Sales,25,PowerEdge Football Boots v5,Footwear,164.22,103.0,13.5,142.05,14631.15,2024,1,January
59,77,2024-01-08,delivered,Distributor,58,AthletX Sports Bra v3,Apparel,87.71,81.0,7.5,81.13,6571.53,2024,1,January
60,57,2024-05-08,delivered,E-commerce B2B,70,SpeedMax Water Bottle v5,Accessories,41.16,101.0,19.2,33.26,3359.26,2024,5,May
60,57,2024-05-08,delivered,E-commerce B2B,28,SportRetail Pro Tennis Shoes v3,Footwear,110.95,12.0,4.8,105.62,1267.44,2024,5,May
61,74,2024-09-08,shipped,Distributor,74,UrbanSport Cap v4,Accessories,55.15,91.0,0.7,54.76,4983.16,2024,9,September
61,74,2024-09-08,shipped,Distributor,77,PowerEdge Headband v2,Accessories,13.22,35.0,0.8,13.11,458.85,2024,9,September
61,74,2024-09-08,shipped,Distributor,99,CoreFit Jump Rope v4,Equipment,69.02,23.0,1.5,67.98,1563.54,2024,9,September
62,8,2024-07-14,confirmed,Distributor,76,CoreFit Headband v1,Accessories,76.79,85.0,11.8,67.73,5757.05,2024,7,July
62,8,2024-07-14,confirmed,Distributor,113,SportRetail Pro Training Gloves v3,Equipment,17.74,76.0,15.8,14.94,1135.44,2024,7,July
62,8,2024-07-14,confirmed,Distributor,95,SportRetail Pro Resistance Bands v5,Equipment,69.54,49.0,11.7,61.4,3008.6,2024,7,July
62,8,2024-07-14,confirmed,Distributor,117,SpeedMax Agility Ladder v2,Equipment,47.29,90.0,19.7,37.97,3417.3,2024,7,July
62,8,2024-07-14,confirmed,Distributor,23,SpeedMax Football Boots v3,Footwear,82.23,72.0,5.6,77.63,5589.36,2024,7,July
63,24,2024-05-07,shipped,Direct Sales,61,AthletX Sport Backpack v1,Accessories,63.82,114.0,5.6,60.25,6868.5,2024,5,May
63,24,2024-05-07,shipped,Direct Sales,31,SportRetail Pro Performance T-Shirt v1,Apparel,38.11,108.0,0.1,38.07,4111.56,2024,5,May
63,24,2024-05-07,shipped,Direct Sales,109,SportRetail Pro Foam Roller v4,Equipment,96.48,12.0,8.2,88.57,1062.84,2024,5,May
63,24,2024-05-07,shipped,Direct Sales,29,SportRetail Pro Tennis Shoes v4,Footwear,154.7,58.0,21.5,121.44,7043.52,2024,5,May
63,24,2024-05-07,shipped,Direct Sales,39,SportRetail Pro Training Shorts v4,Apparel,116.72,22.0,9.2,105.98,2331.56,2024,5,May
64,58,2024-02-07,delivered,E-commerce B2B,12,AthletX Training Shoes v2,Footwear,222.62,111.0,13.5,192.57,21375.27,2024,2,February
64,58,2024-02-07,delivered,E-commerce B2B,69,PowerEdge Water Bottle v4,Accessories,22.22,39.0,5.3,21.04,820.56,2024,2,February
64,58,2024-02-07,delivered,E-commerce B2B,93,SportRetail Pro Resistance Bands v3,Equipment,94.1,82.0,7.4,87.14,7145.48,2024,2,February
65,93,2024-12-07,shipped,Direct Sales,72,UrbanSport Cap v2,Accessories,81.82,47.0,12.2,71.84,3376.48,2024,12,December
65,93,2024-12-07,shipped,Direct Sales,28,SportRetail Pro Tennis Shoes v3,Footwear,110.95,6.0,4.8,105.62,633.72,2024,12,December
65,93,2024-12-07,shipped,Direct Sales,62,SportRetail Pro Sport Backpack v2,Accessories,46.43,29.0,22.2,36.12,1047.48,2024,12,December
65,93,2024-12-07,shipped,Direct Sales,27,PowerEdge Tennis Shoes v2,Footwear,67.19,20.0,16.3,56.24,1124.8,2024,12,December
65,93,2024-12-07,shipped,Direct Sales,112,PowerEdge Training Gloves v2,Equipment,56.99,101.0,1.3,56.25,5681.25,2024,12,December
65,93,2024-12-07,shipped,Direct Sales,117,SpeedMax Agility Ladder v2,Equipment,47.29,36.0,19.7,37.97,1366.92,2024,12,December
66,71,2024-08-15,confirmed,E-commerce B2B,100,PowerEdge Jump Rope v5,Equipment,22.71,64.0,6.0,21.35,1366.4,2024,8,August
66,71,2024-08-15,confirmed,E-commerce B2B,37,SpeedMax Training Shorts v2,Apparel,34.4,50.0,16.1,28.86,1443.0,2024,8,August
66,71,2024-08-15,confirmed,E-commerce B2B,49,AthletX Compression Tights v4,Apparel,49.35,51.0,19.7,39.63,2021.13,2024,8,August
67,61,2024-05-18,cancelled,E-commerce B2B,118,UrbanSport Agility Ladder v3,Equipment,109.9,45.0,12.2,96.49,4342.05,2024,5,May
67,61,2024-05-18,cancelled,E-commerce B2B,27,PowerEdge Tennis Shoes v2,Footwear,67.19,77.0,16.3,56.24,4330.48,2024,5,May
67,61,2024-05-18,cancelled,E-commerce B2B,48,SpeedMax Compression Tights v3,Apparel,22.73,99.0,18.4,18.55,1836.45,2024,5,May
68,93,2024-08-24,delivered,Distributor,38,UrbanSport Training Shorts v3,Apparel,129.83,34.0,24.9,97.5,3315.0,2024,8,August
68,93,2024-08-24,delivered,Distributor,20,SportRetail Pro Slides v5,Footwear,74.27,111.0,12.1,65.28,7246.08,2024,8,August
68,93,2024-08-24,delivered,Distributor,26,SpeedMax Tennis Shoes v1,Footwear,236.69,75.0,4.8,225.33,16899.75,2024,8,August
68,93,2024-08-24,delivered,Distributor,43,CoreFit Track Jacket v3,Apparel,24.85,92.0,8.3,22.79,2096.68,2024,8,August
69,59,2024-03-18,cancelled,Direct Sales,94,SportRetail Pro Resistance Bands v4,Equipment,107.56,50.0,13.8,92.72,4636.0,2024,3,March
69,59,2024-03-18,cancelled,Direct Sales,102,CoreFit Yoga Mat v2,Equipment,89.84,97.0,15.6,75.82,7354.54,2024,3,March
70,68,2024-11-02,delivered,Distributor,108,UrbanSport Foam Roller v3,Equipment,56.41,113.0,20.4,44.9,5073.7,2024,11,November
71,18,2024-01-17,delivered,E-commerce B2B,30,SportRetail Pro Tennis Shoes v5,Footwear,263.43,69.0,21.2,207.58,14323.02,2024,1,January
71,18,2024-01-17,delivered,E-commerce B2B,9,AthletX Basketball Shoes v4,Footwear,175.18,12.0,6.1,164.49,1973.88,2024,1,January
71,18,2024-01-17,delivered,E-commerce B2B,91,CoreFit Resistance Bands v1,Equipment,36.9,90.0,18.0,30.26,2723.4,2024,1,January
71,18,2024-01-17,delivered,E-commerce B2B,20,SportRetail Pro Slides v5,Footwear,74.27,66.0,12.1,65.28,4308.48,2024,1,January
71,18,2024-01-17,delivered,E-commerce B2B,2,UrbanSport Running Shoes v2,Footwear,74.56,0.0,10.5,66.73,0.0,2024,1,January
71,18,2024-01-17,delivered,E-commerce B2B,28,SportRetail Pro Tennis Shoes v3,Footwear,110.95,75.0,4.8,105.62,7921.5,2024,1,January
72,37,2024-07-26,cancelled,Direct Sales,65,PowerEdge Sport Backpack v5,Accessories,52.49,109.0,14.0,45.14,4920.26,2024,7,July
73,14,2024-10-17,shipped,Distributor,68,PowerEdge Water Bottle v3,Accessories,32.86,24.0,6.8,30.63,735.12,2024,10,October
74,35,2024-11-25,confirmed,Distributor,11,UrbanSport Training Shoes v1,Footwear,252.18,77.0,7.9,232.26,17884.02,2024,11,November
74,35,2024-11-25,confirmed,Distributor,48,SpeedMax Compression Tights v3,Apparel,22.73,94.0,18.4,18.55,1743.7,2024,11,November
74,35,2024-11-25,confirmed,Distributor,52,UrbanSport Football Jersey v2,Apparel,56.43,92.0,0.7,56.03,5154.76,2024,11,November
74,35,2024-11-25,confirmed,Distributor,59,UrbanSport Sports Bra v4,Apparel,86.73,15.0,8.1,79.7,1195.5,2024,11,November
75,49,2024-02-17,cancelled,Direct Sales,71,CoreFit Cap v1,Accessories,33.89,6.0,9.7,30.6,183.6,2024,2,February
75,49,2024-02-17,cancelled,Direct Sales,61,AthletX Sport Backpack v1,Accessories,63.82,15.0,5.6,60.25,903.75,2024,2,February
75,49,2024-02-17,cancelled,Direct Sales,8,CoreFit Basketball Shoes v3,Footwear,91.6,60.0,8.9,83.45,5007.0,2024,2,February
75,49,2024-02-17,cancelled,Direct Sales,82,UrbanSport Gym Bag v2,Accessories,72.61,47.0,8.7,66.29,3115.63,2024,2,February
76,28,2024-12-27,shipped,Direct Sales,114,SpeedMax Training Gloves v4,Equipment,23.85,14.0,24.8,17.94,251.16,2024,12,December
76,28,2024-12-27,shipped,Direct Sales,73,SpeedMax Cap v3,Accessories,67.93,40.0,21.0,53.66,2146.4,2024,12,December
76,28,2024-12-27,shipped,Direct Sales,61,AthletX Sport Backpack v1,Accessories,63.82,77.0,5.6,60.25,4639.25,2024,12,December
76,28,2024-12-27,shipped,Direct Sales,35,AthletX Performance T-Shirt v5,Apparel,64.42,27.0,23.5,49.28,1330.56,2024,12,December
76,28,2024-12-27,shipped,Direct Sales,6,SpeedMax Basketball Shoes v1,Footwear,72.73,0.0,7.3,67.42,0.0,2024,12,December
76,28,2024-12-27,shipped,Direct Sales,119,UrbanSport Agility Ladder v4,Equipment,50.83,31.0,23.3,38.99,1208.69,2024,12,December
77,39,2024-09-11,shipped,E-commerce B2B,73,SpeedMax Cap v3,Accessories,67.93,77.0,21.0,53.66,4131.82,2024,9,September
77,39,2024-09-11,shipped,E-commerce B2B,31,SportRetail Pro Performance T-Shirt v1,Apparel,38.11,54.0,0.1,38.07,2055.78,2024,9,September
78,18,2024-08-16,shipped,E-commerce B2B,93,SportRetail Pro Resistance Bands v3,Equipment,94.1,17.0,7.4,87.14,1481.38,2024,8,August
78,18,2024-08-16,shipped,E-commerce B2B,11,UrbanSport Training Shoes v1,Footwear,252.18,112.0,7.9,232.26,26013.12,2024,8,August
78,18,2024-08-16,shipped,E-commerce B2B,65,PowerEdge Sport Backpack v5,Accessories,52.49,82.0,14.0,45.14,3701.48,2024,8,August
78,18,2024-08-16,shipped,E-commerce B2B,96,SportRetail Pro Jump Rope v1,Equipment,93.1,81.0,10.0,83.79,6786.99,2024,8,August
78,18,2024-08-16,shipped,E-commerce B2B,45,CoreFit Track Jacket v5,Apparel,84.08,104.0,3.7,80.97,8420.88,2024,8,August
78,18,2024-08-16,shipped,E-commerce B2B,7,SportRetail Pro Basketball Shoes v2,Footwear,203.78,86.0,19.3,164.45,14142.7,2024,8,August
79,49,2024-07-23,delivered,Direct Sales,24,SportRetail Pro Football Boots v4,Footwear,214.26,53.0,1.5,211.05,11185.65,2024,7,July
79,49,2024-07-23,delivered,Direct Sales,88,SportRetail Pro Sport Socks v3,Accessories,29.31,84.0,10.2,26.32,2210.88,2024,7,July
79,49,2024-07-23,delivered,Direct Sales,75,CoreFit Cap v5,Accessories,26.93,36.0,8.2,24.72,889.92,2024,7,July
79,49,2024-07-23,delivered,Direct Sales,85,PowerEdge Gym Bag v5,Accessories,57.4,15.0,8.1,52.75,791.25,2024,7,July
80,95,2024-08-18,delivered,Distributor,41,CoreFit Track Jacket v1,Apparel,32.7,5.0,2.7,31.82,159.1,2024,8,August
80,95,2024-08-18,delivered,Distributor,47,SpeedMax Compression Tights v2,Apparel,127.12,61.0,18.7,103.35,6304.35,2024,8,August
80,95,2024-08-18,delivered,Distributor,14,SpeedMax Training Shoes v4,Footwear,189.19,39.0,9.6,171.03,6670.17,2024,8,August
80,95,2024-08-18,delivered,Distributor,12,AthletX Training Shoes v2,Footwear,222.62,16.0,13.5,192.57,3081.12,2024,8,August
81,14,2024-10-20,delivered,Distributor,12,AthletX Training Shoes v2,Footwear,222.62,50.0,13.5,192.57,9628.5,2024,10,October
82,2,2024-03-22,shipped,Direct Sales,53,SportRetail Pro Football Jersey v3,Apparel,31.92,15.0,10.9,28.44,426.6,2024,3,March
82,2,2024-03-22,shipped,Direct Sales,50,SpeedMax Compression Tights v5,Apparel,58.46,76.0,20.5,46.48,3532.48,2024,3,March
82,2,2024-03-22,shipped,Direct Sales,100,PowerEdge Jump Rope v5,Equipment,22.71,36.0,6.0,21.35,768.6,2024,3,March
83,35,2024-06-09,cancelled,E-commerce B2B,35,AthletX Performance T-Shirt v5,Apparel,64.42,13.0,23.5,49.28,640.64,2024,6,June
83,35,2024-06-09,cancelled,E-commerce B2B,64,PowerEdge Sport Backpack v4,Accessories,51.44,40.0,1.3,50.77,2030.8,2024,6,June
83,35,2024-06-09,cancelled,E-commerce B2B,19,SportRetail Pro Slides v4,Footwear,264.05,66.0,22.0,205.96,13593.36,2024,6,June
84,81,2024-06-15,shipped,E-commerce B2B,77,PowerEdge Headband v2,Accessories,13.22,18.0,0.8,13.11,235.98,2024,6,June
84,81,2024-06-15,shipped,E-commerce B2B,79,UrbanSport Headband v4,Accessories,87.1,5.0,18.0,71.42,357.1,2024,6,June
84,81,2024-06-15,shipped,E-commerce B2B,26,SpeedMax Tennis Shoes v1,Footwear,236.69,47.0,4.8,225.33,10590.51,2024,6,June
84,81,2024-06-15,shipped,E-commerce B2B,59,UrbanSport Sports Bra v4,Apparel,86.73,53.0,8.1,79.7,4224.1,2024,6,June
85,77,2024-03-13,cancelled,Distributor,39,SportRetail Pro Training Shorts v4,Apparel,116.72,82.0,9.2,105.98,8690.36,2024,3,March
85,77,2024-03-13,cancelled,Distributor,42,AthletX Track Jacket v2,Apparel,95.62,30.0,21.3,75.25,2257.5,2024,3,March
86,95,2024-12-15,cancelled,Direct Sales,82,UrbanSport Gym Bag v2,Accessories,72.61,53.0,8.7,66.29,3513.37,2024,12,December
86,95,2024-12-15,cancelled,Direct Sales,63,AthletX Sport Backpack v3,Accessories,62.48,105.0,0.1,62.42,6554.1,2024,12,December
86,95,2024-12-15,cancelled,Direct Sales,74,UrbanSport Cap v4,Accessories,55.15,19.0,0.7,54.76,1040.44,2024,12,December
86,95,2024-12-15,cancelled,Direct Sales,101,SpeedMax Yoga Mat v1,Equipment,42.67,30.0,5.8,40.2,1206.0,2024,12,December
86,95,2024-12-15,cancelled,Direct Sales,32,PowerEdge Performance T-Shirt v2,Apparel,129.5,74.0,13.9,111.5,8251.0,2024,12,December
86,95,2024-12-15,cancelled,Direct Sales,42,AthletX Track Jacket v2,Apparel,95.62,103.0,21.3,75.25,7750.75,2024,12,December
87,57,2024-05-08,shipped,Direct Sales,107,CoreFit Foam Roller v2,Equipment,69.74,109.0,19.1,56.42,6149.78,2024,5,May
87,57,2024-05-08,shipped,Direct Sales,89,SpeedMax Sport Socks v4,Accessories,73.43,106.0,2.3,71.74,7604.44,2024,5,May
87,57,2024-05-08,shipped,Direct Sales,9,AthletX Basketball Shoes v4,Footwear,175.18,68.0,6.1,164.49,11185.32,2024,5,May
88,92,2024-06-23,delivered,E-commerce B2B,102,CoreFit Yoga Mat v2,Equipment,89.84,81.0,15.6,75.82,6141.42,2024,6,June
88,92,2024-06-23,delivered,E-commerce B2B,49,AthletX Compression Tights v4,Apparel,49.35,56.0,19.7,39.63,2219.28,2024,6,June
88,92,2024-06-23,delivered,E-commerce B2B,10,CoreFit Basketball Shoes v5,Footwear,244.64,116.0,19.4,197.18,22872.88,2024,6,June
88,92,2024-06-23,delivered,E-commerce B2B,58,AthletX Sports Bra v3,Apparel,87.71,74.0,7.5,81.13,6003.62,2024,6,June
89,77,2024-01-04,shipped,E-commerce B2B,118,UrbanSport Agility Ladder v3,Equipment,109.9,90.0,12.2,96.49,8684.1,2024,1,January
89,77,2024-01-04,shipped,E-commerce B2B,11,UrbanSport Training Shoes v1,Footwear,252.18,87.0,7.9,232.26,20206.62,2024,1,January
89,77,2024-01-04,shipped,E-commerce B2B,14,SpeedMax Training Shoes v4,Footwear,189.19,77.0,9.6,171.03,13169.31,2024,1,January
89,77,2024-01-04,shipped,E-commerce B2B,99,CoreFit Jump Rope v4,Equipment,69.02,91.0,1.5,67.98,6186.18,2024,1,January
89,77,2024-01-04,shipped,E-commerce B2B,32,PowerEdge Performance T-Shirt v2,Apparel,129.5,101.0,13.9,111.5,11261.5,2024,1,January
89,77,2024-01-04,shipped,E-commerce B2B,85,PowerEdge Gym Bag v5,Accessories,57.4,106.0,8.1,52.75,5591.5,2024,1,January
90,96,2024-05-14,cancelled,Direct Sales,72,UrbanSport Cap v2,Accessories,81.82,62.0,12.2,71.84,4454.08,2024,5,May
90,96,2024-05-14,cancelled,Direct Sales,75,CoreFit Cap v5,Accessories,26.93,64.0,8.2,24.72,1582.08,2024,5,May
90,96,2024-05-14,cancelled,Direct Sales,89,SpeedMax Sport Socks v4,Accessories,73.43,80.0,2.3,71.74,5739.2,2024,5,May
90,96,2024-05-14,cancelled,Direct Sales,74,UrbanSport Cap v4,Accessories,55.15,24.0,0.7,54.76,1314.24,2024,5,May
90,96,2024-05-14,cancelled,Direct Sales,29,SportRetail Pro Tennis Shoes v4,Footwear,154.7,8.0,21.5,121.44,971.52,2024,5,May
91,15,2024-06-21,confirmed,Direct Sales,19,SportRetail Pro Slides v4,Footwear,264.05,31.0,22.0,205.96,6384.76,2024,6,June
91,15,2024-06-21,confirmed,Direct Sales,45,CoreFit Track Jacket v5,Apparel,84.08,49.0,3.7,80.97,3967.53,2024,6,June
91,15,2024-06-21,confirmed,Direct Sales,40,PowerEdge Training Shorts v5,Apparel,78.18,61.0,16.7,65.12,3972.32,2024,6,June
91,15,2024-06-21,confirmed,Direct Sales,44,PowerEdge Track Jacket v4,Apparel,67.05,62.0,0.2,66.92,4149.04,2024,6,June
91,15,2024-06-21,confirmed,Direct Sales,59,UrbanSport Sports Bra v4,Apparel,86.73,43.0,8.1,79.7,3427.1,2024,6,June
91,15,2024-06-21,confirmed,Direct Sales,101,SpeedMax Yoga Mat v1,Equipment,42.67,95.0,5.8,40.2,3819.0,2024,6,June
92,95,2024-08-08,delivered,E-commerce B2B,67,AthletX Water Bottle v2,Accessories,77.19,75.0,6.9,71.86,5389.5,2024,8,August
92,95,2024-08-08,delivered,E-commerce B2B,23,SpeedMax Football Boots v3,Footwear,82.23,76.0,5.6,77.63,5899.88,2024,8,August
93,24,2024-04-15,delivered,Distributor,82,UrbanSport Gym Bag v2,Accessories,72.61,60.0,8.7,66.29,3977.4,2024,4,April
93,24,2024-04-15,delivered,Distributor,85,PowerEdge Gym Bag v5,Accessories,57.4,99.0,8.1,52.75,5222.25,2024,4,April
94,1,2024-11-11,delivered,E-commerce B2B,28,SportRetail Pro Tennis Shoes v3,Footwear,110.95,106.0,4.8,105.62,11195.72,2024,11,November
94,1,2024-11-11,delivered,E-commerce B2B,27,PowerEdge Tennis Shoes v2,Footwear,67.19,18.0,16.3,56.24,1012.32,2024,11,November
94,1,2024-11-11,delivered,E-commerce B2B,36,PowerEdge Training Shorts v1,Apparel,84.2,73.0,13.1,73.17,5341.41,2024,11,November
94,1,2024-11-11,delivered,E-commerce B2B,97,UrbanSport Jump Rope v2,Equipment,105.17,46.0,2.1,102.96,4736.16,2024,11,November
94,1,2024-11-11,delivered,E-commerce B2B,91,CoreFit Resistance Bands v1,Equipment,36.9,19.0,18.0,30.26,574.94,2024,11,November
94,1,2024-11-11,delivered,E-commerce B2B,104,UrbanSport Yoga Mat v4,Equipment,102.51,115.0,11.0,91.23,10491.45,2024,11,November
95,51,2024-04-10,confirmed,Distributor,15,SportRetail Pro Training Shoes v5,Footwear,208.06,84.0,2.9,202.03,16970.52,2024,4,April
95,51,2024-04-10,confirmed,Distributor,45,CoreFit Track Jacket v5,Apparel,84.08,91.0,3.7,80.97,7368.27,2024,4,April
95,51,2024-04-10,confirmed,Distributor,46,SportRetail Pro Compression Tights v1,Apparel,118.88,43.0,5.3,112.58,4840.94,2024,4,April
95,51,2024-04-10,confirmed,Distributor,109,SportRetail Pro Foam Roller v4,Equipment,96.48,80.0,8.2,88.57,7085.6,2024,4,April
95,51,2024-04-10,confirmed,Distributor,59,UrbanSport Sports Bra v4,Apparel,86.73,22.0,8.1,79.7,1753.4,2024,4,April
96,89,2024-03-16,delivered,E-commerce B2B,66,UrbanSport Water Bottle v1,Accessories,44.14,58.0,22.7,34.12,1978.96,2024,3,March
96,89,2024-03-16,delivered,E-commerce B2B,50,SpeedMax Compression Tights v5,Apparel,58.46,78.0,20.5,46.48,3625.44,2024,3,March
97,83,2024-08-20,confirmed,Distributor,72,UrbanSport Cap v2,Accessories,81.82,67.0,12.2,71.84,4813.28,2024,8,August
97,83,2024-08-20,confirmed,Distributor,22,PowerEdge Football Boots v2,Footwear,210.22,28.0,17.8,172.8,4838.4,2024,8,August
98,2,2024-03-03,delivered,Direct Sales,18,CoreFit Slides v3,Footwear,226.56,76.0,13.5,195.97,14893.72,2024,3,March
98,2,2024-03-03,delivered,Direct Sales,25,PowerEdge Football Boots v5,Footwear,164.22,68.0,13.5,142.05,9659.4,2024,3,March
98,2,2024-03-03,delivered,Direct Sales,105,UrbanSport Yoga Mat v5,Equipment,61.91,67.0,2.0,60.67,4064.89,2024,3,March
98,2,2024-03-03,delivered,Direct Sales,50,SpeedMax Compression Tights v5,Apparel,58.46,112.0,20.5,46.48,5205.76,2024,3,March
99,38,2024-03-25,delivered,E-commerce B2B,36,PowerEdge Training Shorts v1,Apparel,84.2,33.0,13.1,73.17,2414.61,2024,3,March
100,99,2024-12-15,delivered,Distributor,71,CoreFit Cap v1,Accessories,33.89,19.0,9.7,30.6,581.4,2024,12,December
100,99,2024-12-15,delivered,Distributor,66,UrbanSport Water Bottle v1,Accessories,44.14,74.0,22.7,34.12,2524.88,2024,12,December
100,99,2024-12-15,delivered,Distributor,15,SportRetail Pro Training Shoes v5,Footwear,208.06,51.0,2.9,202.03,10303.53,2024,12,December
100,99,2024-12-15,delivered,Distributor,74,UrbanSport Cap v4,Accessories,55.15,101.0,0.7,54.76,5530.76,2024,12,December
101,14,2024-06-28,delivered,E-commerce B2B,107,CoreFit Foam Roller v2,Equipment,69.74,9.0,19.1,56.42,507.78,2024,6,June
101,14,2024-06-28,delivered,E-commerce B2B,84,PowerEdge Gym Bag v4,Accessories,51.74,49.0,16.3,43.31,2122.19,2024,6,June
101,14,2024-06-28,delivered,E-commerce B2B,97,UrbanSport Jump Rope v2,Equipment,105.17,16.0,2.1,102.96,1647.36,2024,6,June
101,14,2024-06-28,delivered,E-commerce B2B,32,PowerEdge Performance T-Shirt v2,Apparel,129.5,20.0,13.9,111.5,2230.0,2024,6,June
101,14,2024-06-28,delivered,E-commerce B2B,39,SportRetail Pro Training Shorts v4,Apparel,116.72,35.0,9.2,105.98,3709.3,2024,6,June
101,14,2024-06-28,delivered,E-commerce B2B,112,PowerEdge Training Gloves v2,Equipment,56.99,99.0,1.3,56.25,5568.75,2024,6,June
102,55,2024-10-12,delivered,E-commerce B2B,79,UrbanSport Headband v4,Accessories,87.1,105.0,18.0,71.42,7499.1,2024,10,October
102,55,2024-10-12,delivered,E-commerce B2B,18,CoreFit Slides v3,Footwear,226.56,31.0,13.5,195.97,6075.07,2024,10,October
103,69,2024-09-22,delivered,Direct Sales,42,AthletX Track Jacket v2,Apparel,95.62,42.0,21.3,75.25,3160.5,2024,9,September
103,69,2024-09-22,delivered,Direct Sales,91,CoreFit Resistance Bands v1,Equipment,36.9,39.0,18.0,30.26,1180.14,2024,9,September
104,97,2024-11-13,delivered,E-commerce B2B,118,UrbanSport Agility Ladder v3,Equipment,109.9,88.0,12.2,96.49,8491.12,2024,11,November
104,97,2024-11-13,delivered,E-commerce B2B,8,CoreFit Basketball Shoes v3,Footwear,91.6,115.0,8.9,83.45,9596.75,2024,11,November
104,97,2024-11-13,delivered,E-commerce B2B,36,PowerEdge Training Shorts v1,Apparel,84.2,23.0,13.1,73.17,1682.91,2024,11,November
104,97,2024-11-13,delivered,E-commerce B2B,111,SportRetail Pro Training Gloves v1,Equipment,77.48,111.0,13.6,66.94,7430.34,2024,11,November
105,81,2024-12-09,delivered,Distributor,81,PowerEdge Gym Bag v1,Accessories,29.43,62.0,17.4,24.31,1507.22,2024,12,December
105,81,2024-12-09,delivered,Distributor,54,SpeedMax Football Jersey v4,Apparel,118.95,106.0,4.8,113.24,12003.44,2024,12,December
105,81,2024-12-09,delivered,Distributor,49,AthletX Compression Tights v4,Apparel,49.35,16.0,19.7,39.63,634.08,2024,12,December
106,59,2024-02-26,delivered,Direct Sales,42,AthletX Track Jacket v2,Apparel,95.62,104.0,21.3,75.25,7826.0,2024,2,February
106,59,2024-02-26,delivered,Direct Sales,75,CoreFit Cap v5,Accessories,26.93,16.0,8.2,24.72,395.52,2024,2,February
106,59,2024-02-26,delivered,Direct Sales,1,PowerEdge Running Shoes v1,Footwear,80.05,63.0,18.5,65.24,4110.12,2024,2,February
106,59,2024-02-26,delivered,Direct Sales,112,PowerEdge Training Gloves v2,Equipment,56.99,94.0,1.3,56.25,5287.5,2024,2,February
107,55,2024-03-19,delivered,Distributor,64,PowerEdge Sport Backpack v4,Accessories,51.44,46.0,1.3,50.77,2335.42,2024,3,March
107,55,2024-03-19,delivered,Distributor,35,AthletX Performance T-Shirt v5,Apparel,64.42,48.0,23.5,49.28,2365.44,2024,3,March
108,88,2024-08-01,confirmed,Direct Sales,6,SpeedMax Basketball Shoes v1,Footwear,72.73,17.0,7.3,67.42,1146.14,2024,8,August
109,57,2024-02-12,delivered,E-commerce B2B,1,PowerEdge Running Shoes v1,Footwear,80.05,21.0,18.5,65.24,1370.04,2024,2,February
109,57,2024-02-12,delivered,E-commerce B2B,55,PowerEdge Football Jersey v5,Apparel,99.14,43.0,18.5,80.8,3474.4,2024,2,February
109,57,2024-02-12,delivered,E-commerce B2B,26,SpeedMax Tennis Shoes v1,Footwear,236.69,117.0,4.8,225.33,26363.61,2024,2,February
109,57,2024-02-12,delivered,E-commerce B2B,89,SpeedMax Sport Socks v4,Accessories,73.43,88.0,2.3,71.74,6313.12,2024,2,February
110,22,2024-12-25,shipped,E-commerce B2B,51,CoreFit Football Jersey v1,Apparel,115.08,85.0,24.2,87.23,7414.55,2024,12,December
111,12,2024-04-13,confirmed,Direct Sales,13,AthletX Training Shoes v3,Footwear,169.64,80.0,2.3,165.74,13259.2,2024,4,April
111,12,2024-04-13,confirmed,Direct Sales,1,PowerEdge Running Shoes v1,Footwear,80.05,92.0,18.5,65.24,6002.08,2024,4,April
111,12,2024-04-13,confirmed,Direct Sales,28,SportRetail Pro Tennis Shoes v3,Footwear,110.95,6.0,4.8,105.62,633.72,2024,4,April
111,12,2024-04-13,confirmed,Direct Sales,62,SportRetail Pro Sport Backpack v2,Accessories,46.43,109.0,22.2,36.12,3937.08,2024,4,April
111,12,2024-04-13,confirmed,Direct Sales,10,CoreFit Basketball Shoes v5,Footwear,244.64,115.0,19.4,197.18,22675.7,2024,4,April
111,12,2024-04-13,confirmed,Direct Sales,17,AthletX Slides v2,Footwear,169.23,21.0,2.7,164.66,3457.86,2024,4,April
112,14,2024-11-05,confirmed,E-commerce B2B,48,SpeedMax Compression Tights v3,Apparel,22.73,22.0,18.4,18.55,408.1,2024,11,November
112,14,2024-11-05,confirmed,E-commerce B2B,113,SportRetail Pro Training Gloves v3,Equipment,17.74,109.0,15.8,14.94,1628.46,2024,11,November
112,14,2024-11-05,confirmed,E-commerce B2B,39,SportRetail Pro Training Shorts v4,Apparel,116.72,22.0,9.2,105.98,2331.56,2024,11,November
113,2,2024-02-19,delivered,Distributor,84,PowerEdge Gym Bag v4,Accessories,51.74,32.0,16.3,43.31,1385.92,2024,2,February
113,2,2024-02-19,delivered,Distributor,22,PowerEdge Football Boots v2,Footwear,210.22,24.0,17.8,172.8,4147.2,2024,2,February
113,2,2024-02-19,delivered,Distributor,57,CoreFit Sports Bra v2,Apparel,64.26,83.0,7.4,59.5,4938.5,2024,2,February
113,2,2024-02-19,delivered,Distributor,45,CoreFit Track Jacket v5,Apparel,84.08,115.0,3.7,80.97,9311.55,2024,2,February
113,2,2024-02-19,delivered,Distributor,93,SportRetail Pro Resistance Bands v3,Equipment,94.1,119.0,7.4,87.14,10369.66,2024,2,February
114,55,2024-05-25,cancelled,Direct Sales,102,CoreFit Yoga Mat v2,Equipment,89.84,40.0,15.6,75.82,3032.8,2024,5,May
114,55,2024-05-25,cancelled,Direct Sales,18,CoreFit Slides v3,Footwear,226.56,36.0,13.5,195.97,7054.92,2024,5,May
114,55,2024-05-25,cancelled,Direct Sales,32,PowerEdge Performance T-Shirt v2,Apparel,129.5,81.0,13.9,111.5,9031.5,2024,5,May
115,85,2024-04-16,shipped,Direct Sales,27,PowerEdge Tennis Shoes v2,Footwear,67.19,70.0,16.3,56.24,3936.8,2024,4,April
115,85,2024-04-16,shipped,Direct Sales,67,AthletX Water Bottle v2,Accessories,77.19,55.0,6.9,71.86,3952.3,2024,4,April
115,85,2024-04-16,shipped,Direct Sales,78,SpeedMax Headband v3,Accessories,63.56,11.0,14.1,54.6,600.6,2024,4,April
116,64,2024-10-03,confirmed,Direct Sales,77,PowerEdge Headband v2,Accessories,13.22,45.0,0.8,13.11,589.95,2024,10,October
116,64,2024-10-03,confirmed,Direct Sales,10,CoreFit Basketball Shoes v5,Footwear,244.64,115.0,19.4,197.18,22675.7,2024,10,October
116,64,2024-10-03,confirmed,Direct Sales,68,PowerEdge Water Bottle v3,Accessories,32.86,58.0,6.8,30.63,1776.54,2024,10,October
116,64,2024-10-03,confirmed,Direct Sales,114,SpeedMax Training Gloves v4,Equipment,23.85,92.0,24.8,17.94,1650.48,2024,10,October
116,64,2024-10-03,confirmed,Direct Sales,2,UrbanSport Running Shoes v2,Footwear,74.56,65.0,10.5,66.73,4337.45,2024,10,October
116,64,2024-10-03,confirmed,Direct Sales,47,SpeedMax Compression Tights v2,Apparel,127.12,103.0,18.7,103.35,10645.05,2024,10,October
117,6,2024-11-23,delivered,Distributor,102,CoreFit Yoga Mat v2,Equipment,89.84,55.0,15.6,75.82,4170.1,2024,11,November
118,55,2024-11-21,confirmed,E-commerce B2B,52,UrbanSport Football Jersey v2,Apparel,56.43,40.0,0.7,56.03,2241.2,2024,11,November
118,55,2024-11-21,confirmed,E-commerce B2B,11,UrbanSport Training Shoes v1,Footwear,252.18,15.0,7.9,232.26,3483.9,2024,11,November
118,55,2024-11-21,confirmed,E-commerce B2B,82,UrbanSport Gym Bag v2,Accessories,72.61,31.0,8.7,66.29,2054.99,2024,11,November
118,55,2024-11-21,confirmed,E-commerce B2B,69,PowerEdge Water Bottle v4,Accessories,22.22,24.0,5.3,21.04,504.96,2024,11,November
118,55,2024-11-21,confirmed,E-commerce B2B,79,UrbanSport Headband v4,Accessories,87.1,55.0,18.0,71.42,3928.1,2024,11,November
118,55,2024-11-21,confirmed,E-commerce B2B,20,SportRetail Pro Slides v5,Footwear,74.27,102.0,12.1,65.28,6658.56,2024,11,November
119,56,2024-03-16,cancelled,E-commerce B2B,109,SportRetail Pro Foam Roller v4,Equipment,96.48,60.0,8.2,88.57,5314.2,2024,3,March
119,56,2024-03-16,cancelled,E-commerce B2B,31,SportRetail Pro Performance T-Shirt v1,Apparel,38.11,83.0,0.1,38.07,3159.81,2024,3,March
119,56,2024-03-16,cancelled,E-commerce B2B,8,CoreFit Basketball Shoes v3,Footwear,91.6,44.0,8.9,83.45,3671.8,2024,3,March
119,56,2024-03-16,cancelled,E-commerce B2B,32,PowerEdge Performance T-Shirt v2,Apparel,129.5,89.0,13.9,111.5,9923.5,2024,3,March
119,56,2024-03-16,cancelled,E-commerce B2B,12,AthletX Training Shoes v2,Footwear,222.62,0.0,13.5,192.57,0.0,2024,3,March
119,56,2024-03-16,cancelled,E-commerce B2B,119,UrbanSport Agility Ladder v4,Equipment,50.83,22.0,23.3,38.99,857.78,2024,3,March
120,67,2024-11-03,delivered,E-commerce B2B,34,UrbanSport Performance T-Shirt v4,Apparel,37.32,116.0,24.0,28.36,3289.76,2024,11,November
120,67,2024-11-03,delivered,E-commerce B2B,22,PowerEdge Football Boots v2,Footwear,210.22,118.0,17.8,172.8,20390.4,2024,11,November
120,67,2024-11-03,delivered,E-commerce B2B,48,SpeedMax Compression Tights v3,Apparel,22.73,120.0,18.4,18.55,2226.0,2024,11,November
120,67,2024-11-03,delivered,E-commerce B2B,17,AthletX Slides v2,Footwear,169.23,108.0,2.7,164.66,17783.28,2024,11,November
120,67,2024-11-03,delivered,E-commerce B2B,96,SportRetail Pro Jump Rope v1,Equipment,93.1,72.0,10.0,83.79,6032.88,2024,11,November
120,67,2024-11-03,delivered,E-commerce B2B,100,PowerEdge Jump Rope v5,Equipment,22.71,96.0,6.0,21.35,2049.6,2024,11,November
121,47,2024-06-06,shipped,Direct Sales,64,PowerEdge Sport Backpack v4,Accessories,51.44,114.0,1.3,50.77,5787.78,2024,6,June
122,74,2024-12-21,shipped,Distributor,93,SportRetail Pro Resistance Bands v3,Equipment,94.1,10.0,7.4,87.14,871.4,2024,12,December
122,74,2024-12-21,shipped,Distributor,15,SportRetail Pro Training Shoes v5,Footwear,208.06,6.0,2.9,202.03,1212.18,2024,12,December
122,74,2024-12-21,shipped,Distributor,30,SportRetail Pro Tennis Shoes v5,Footwear,263.43,65.0,21.2,207.58,13492.7,2024,12,December
122,74,2024-12-21,shipped,Distributor,95,SportRetail Pro Resistance Bands v5,Equipment,69.54,24.0,11.7,61.4,1473.6,2024,12,December
122,74,2024-12-21,shipped,Distributor,66,UrbanSport Water Bottle v1,Accessories,44.14,114.0,22.7,34.12,3889.68,2024,12,December
122,74,2024-12-21,shipped,Distributor,1,PowerEdge Running Shoes v1,Footwear,80.05,107.0,18.5,65.24,6980.68,2024,12,December
123,32,2024-09-02,cancelled,Direct Sales,118,UrbanSport Agility Ladder v3,Equipment,109.9,110.0,12.2,96.49,10613.9,2024,9,September
123,32,2024-09-02,cancelled,Direct Sales,93,SportRetail Pro Resistance Bands v3,Equipment,94.1,52.0,7.4,87.14,4531.28,2024,9,September
123,32,2024-09-02,cancelled,Direct Sales,41,CoreFit Track Jacket v1,Apparel,32.7,91.0,2.7,31.82,2895.62,2024,9,September
123,32,2024-09-02,cancelled,Direct Sales,35,AthletX Performance T-Shirt v5,Apparel,64.42,27.0,23.5,49.28,1330.56,2024,9,September
124,60,2024-05-24,delivered,Distributor,100,PowerEdge Jump Rope v5,Equipment,22.71,46.0,6.0,21.35,982.1,2024,5,May
124,60,2024-05-24,delivered,Distributor,109,SportRetail Pro Foam Roller v4,Equipment,96.48,0.0,8.2,88.57,0.0,2024,5,May
124,60,2024-05-24,delivered,Distributor,40,PowerEdge Training Shorts v5,Apparel,78.18,30.0,16.7,65.12,1953.6,2024,5,May
125,48,2024-12-01,cancelled,Direct Sales,64,PowerEdge Sport Backpack v4,Accessories,51.44,120.0,1.3,50.77,6092.4,2024,12,December
125,48,2024-12-01,cancelled,Direct Sales,99,CoreFit Jump Rope v4,Equipment,69.02,106.0,1.5,67.98,7205.88,2024,12,December
125,48,2024-12-01,cancelled,Direct Sales,100,PowerEdge Jump Rope v5,Equipment,22.71,5.0,6.0,21.35,106.75,2024,12,December
125,48,2024-12-01,cancelled,Direct Sales,26,SpeedMax Tennis Shoes v1,Footwear,236.69,8.0,4.8,225.33,1802.64,2024,12,December
125,48,2024-12-01,cancelled,Direct Sales,94,SportRetail Pro Resistance Bands v4,Equipment,107.56,49.0,13.8,92.72,4543.28,2024,12,December
126,98,2024-09-14,delivered,Distributor,49,AthletX Compression Tights v4,Apparel,49.35,31.0,19.7,39.63,1228.53,2024,9,September
126,98,2024-09-14,delivered,Distributor,109,SportRetail Pro Foam Roller v4,Equipment,96.48,35.0,8.2,88.57,3099.95,2024,9,September
126,98,2024-09-14,delivered,Distributor,95,SportRetail Pro Resistance Bands v5,Equipment,69.54,12.0,11.7,61.4,736.8,2024,9,September
126,98,2024-09-14,delivered,Distributor,94,SportRetail Pro Resistance Bands v4,Equipment,107.56,23.0,13.8,92.72,2132.56,2024,9,September
126,98,2024-09-14,delivered,Distributor,40,PowerEdge Training Shorts v5,Apparel,78.18,16.0,16.7,65.12,1041.92,2024,9,September
126,98,2024-09-14,delivered,Distributor,14,SpeedMax Training Shoes v4,Footwear,189.19,34.0,9.6,171.03,5815.02,2024,9,September
127,59,2024-12-11,shipped,Distributor,11,UrbanSport Training Shoes v1,Footwear,252.18,109.0,7.9,232.26,25316.34,2024,12,December
127,59,2024-12-11,shipped,Distributor,75,CoreFit Cap v5,Accessories,26.93,80.0,8.2,24.72,1977.6,2024,12,December
127,59,2024-12-11,shipped,Distributor,13,AthletX Training Shoes v3,Footwear,169.64,60.0,2.3,165.74,9944.4,2024,12,December
127,59,2024-12-11,shipped,Distributor,65,PowerEdge Sport Backpack v5,Accessories,52.49,21.0,14.0,45.14,947.94,2024,12,December
127,59,2024-12-11,shipped,Distributor,18,CoreFit Slides v3,Footwear,226.56,38.0,13.5,195.97,7446.86,2024,12,December
127,59,2024-12-11,shipped,Distributor,82,UrbanSport Gym Bag v2,Accessories,72.61,107.0,8.7,66.29,7093.03,2024,12,December
128,30,2024-10-04,confirmed,Direct Sales,26,SpeedMax Tennis Shoes v1,Footwear,236.69,22.0,4.8,225.33,4957.26,2024,10,October
129,58,2024-11-10,delivered,E-commerce B2B,41,CoreFit Track Jacket v1,Apparel,32.7,50.0,2.7,31.82,1591.0,2024,11,November
129,58,2024-11-10,delivered,E-commerce B2B,53,SportRetail Pro Football Jersey v3,Apparel,31.92,31.0,10.9,28.44,881.64,2024,11,November
129,58,2024-11-10,delivered,E-commerce B2B,16,CoreFit Slides v1,Footwear,152.82,64.0,11.3,135.55,8675.2,2024,11,November
129,58,2024-11-10,delivered,E-commerce B2B,69,PowerEdge Water Bottle v4,Accessories,22.22,20.0,5.3,21.04,420.8,2024,11,November
130,78,2024-03-03,delivered,Distributor,28,SportRetail Pro Tennis Shoes v3,Footwear,110.95,111.0,4.8,105.62,11723.82,2024,3,March
131,51,2024-03-04,confirmed,Direct Sales,7,SportRetail Pro Basketball Shoes v2,Footwear,203.78,27.0,19.3,164.45,4440.15,2024,3,March
131,51,2024-03-04,confirmed,Direct Sales,87,CoreFit Sport Socks v2,Accessories,37.23,56.0,22.0,29.04,1626.24,2024,3,March
131,51,2024-03-04,confirmed,Direct Sales,39,SportRetail Pro Training Shorts v4,Apparel,116.72,76.0,9.2,105.98,8054.48,2024,3,March
131,51,2024-03-04,confirmed,Direct Sales,34,UrbanSport Performance T-Shirt v4,Apparel,37.32,36.0,24.0,28.36,1020.96,2024,3,March
131,51,2024-03-04,confirmed,Direct Sales,105,UrbanSport Yoga Mat v5,Equipment,61.91,18.0,2.0,60.67,1092.06,2024,3,March
132,17,2024-10-09,cancelled,Direct Sales,106,SportRetail Pro Foam Roller v1,Equipment,36.75,52.0,16.9,30.54,1588.08,2024,10,October
132,17,2024-10-09,cancelled,Direct Sales,52,UrbanSport Football Jersey v2,Apparel,56.43,87.0,0.7,56.03,4874.61,2024,10,October
133,3,2024-03-03,cancelled,Distributor,26,SpeedMax Tennis Shoes v1,Footwear,236.69,120.0,4.8,225.33,27039.6,2024,3,March
134,16,2024-10-14,delivered,Distributor,60,PowerEdge Sports Bra v5,Apparel,38.67,11.0,2.1,37.86,416.46,2024,10,October
135,64,2024-06-07,cancelled,Distributor,49,AthletX Compression Tights v4,Apparel,49.35,92.0,19.7,39.63,3645.96,2024,6,June
136,36,2024-05-13,confirmed,Direct Sales,114,SpeedMax Training Gloves v4,Equipment,23.85,84.0,24.8,17.94,1506.96,2024,5,May
136,36,2024-05-13,confirmed,Direct Sales,20,SportRetail Pro Slides v5,Footwear,74.27,87.0,12.1,65.28,5679.36,2024,5,May
136,36,2024-05-13,confirmed,Direct Sales,5,SportRetail Pro Running Shoes v5,Footwear,135.77,57.0,8.6,124.09,7073.13,2024,5,May
136,36,2024-05-13,confirmed,Direct Sales,79,UrbanSport Headband v4,Accessories,87.1,66.0,18.0,71.42,4713.72,2024,5,May
137,83,2024-07-09,confirmed,Distributor,32,PowerEdge Performance T-Shirt v2,Apparel,129.5,7.0,13.9,111.5,780.5,2024,7,July
137,83,2024-07-09,confirmed,Distributor,81,PowerEdge Gym Bag v1,Accessories,29.43,105.0,17.4,24.31,2552.55,2024,7,July
137,83,2024-07-09,confirmed,Distributor,103,PowerEdge Yoga Mat v3,Equipment,29.15,66.0,6.6,27.23,1797.18,2024,7,July
137,83,2024-07-09,confirmed,Distributor,70,SpeedMax Water Bottle v5,Accessories,41.16,67.0,19.2,33.26,2228.42,2024,7,July
137,83,2024-07-09,confirmed,Distributor,102,CoreFit Yoga Mat v2,Equipment,89.84,77.0,15.6,75.82,5838.14,2024,7,July
138,77,2024-08-17,shipped,E-commerce B2B,4,AthletX Running Shoes v4,Footwear,212.08,108.0,8.5,194.05,20957.4,2024,8,August
138,77,2024-08-17,shipped,E-commerce B2B,115,PowerEdge Training Gloves v5,Equipment,42.73,12.0,17.6,35.21,422.52,2024,8,August
139,30,2024-12-02,delivered,Direct Sales,13,AthletX Training Shoes v3,Footwear,169.64,89.0,2.3,165.74,14750.86,2024,12,December
139,30,2024-12-02,delivered,Direct Sales,32,PowerEdge Performance T-Shirt v2,Apparel,129.5,73.0,13.9,111.5,8139.5,2024,12,December
140,74,2024-12-12,cancelled,E-commerce B2B,46,SportRetail Pro Compression Tights v1,Apparel,118.88,27.0,5.3,112.58,3039.66,2024,12,December
140,74,2024-12-12,cancelled,E-commerce B2B,120,SpeedMax Agility Ladder v5,Equipment,19.15,80.0,18.6,15.59,1247.2,2024,12,December
140,74,2024-12-12,cancelled,E-commerce B2B,108,UrbanSport Foam Roller v3,Equipment,56.41,99.0,20.4,44.9,4445.1,2024,12,December
140,74,2024-12-12,cancelled,E-commerce B2B,109,SportRetail Pro Foam Roller v4,Equipment,96.48,80.0,8.2,88.57,7085.6,2024,12,December
141,19,2024-10-07,delivered,Distributor,25,PowerEdge Football Boots v5,Footwear,164.22,74.0,13.5,142.05,10511.7,2024,10,October
141,19,2024-10-07,delivered,Distributor,108,UrbanSport Foam Roller v3,Equipment,56.41,67.0,20.4,44.9,3008.3,2024,10,October
141,19,2024-10-07,delivered,Distributor,104,UrbanSport Yoga Mat v4,Equipment,102.51,12.0,11.0,91.23,1094.76,2024,10,October
141,19,2024-10-07,delivered,Distributor,113,SportRetail Pro Training Gloves v3,Equipment,17.74,0.0,15.8,14.94,0.0,2024,10,October
141,19,2024-10-07,delivered,Distributor,64,PowerEdge Sport Backpack v4,Accessories,51.44,0.0,1.3,50.77,0.0,2024,10,October
142,92,2024-10-23,cancelled,Direct Sales,118,UrbanSport Agility Ladder v3,Equipment,109.9,113.0,12.2,96.49,10903.37,2024,10,October
142,92,2024-10-23,cancelled,Direct Sales,103,PowerEdge Yoga Mat v3,Equipment,29.15,12.0,6.6,27.23,326.76,2024,10,October
143,68,2024-03-24,cancelled,E-commerce B2B,10,CoreFit Basketball Shoes v5,Footwear,244.64,89.0,19.4,197.18,17549.02,2024,3,March
143,68,2024-03-24,cancelled,E-commerce B2B,48,SpeedMax Compression Tights v3,Apparel,22.73,17.0,18.4,18.55,315.35,2024,3,March
143,68,2024-03-24,cancelled,E-commerce B2B,91,CoreFit Resistance Bands v1,Equipment,36.9,46.0,18.0,30.26,1391.96,2024,3,March
144,63,2024-12-19,shipped,E-commerce B2B,41,CoreFit Track Jacket v1,Apparel,32.7,83.0,2.7,31.82,2641.06,2024,12,December
144,63,2024-12-19,shipped,E-commerce B2B,23,SpeedMax Football Boots v3,Footwear,82.23,33.0,5.6,77.63,2561.79,2024,12,December
144,63,2024-12-19,shipped,E-commerce B2B,91,CoreFit Resistance Bands v1,Equipment,36.9,109.0,18.0,30.26,3298.34,2024,12,December
144,63,2024-12-19,shipped,E-commerce B2B,72,UrbanSport Cap v2,Accessories,81.82,44.0,12.2,71.84,3160.96,2024,12,December
144,63,2024-12-19,shipped,E-commerce B2B,89,SpeedMax Sport Socks v4,Accessories,73.43,42.0,2.3,71.74,3013.08,2024,12,December
144,63,2024-12-19,shipped,E-commerce B2B,114,SpeedMax Training Gloves v4,Equipment,23.85,0.0,24.8,17.94,0.0,2024,12,December
145,5,2024-02-16,confirmed,E-commerce B2B,78,SpeedMax Headband v3,Accessories,63.56,108.0,14.1,54.6,5896.8,2024,2,February
145,5,2024-02-16,confirmed,E-commerce B2B,41,CoreFit Track Jacket v1,Apparel,32.7,33.0,2.7,31.82,1050.06,2024,2,February
146,10,2024-11-21,delivered,Distributor,45,CoreFit Track Jacket v5,Apparel,84.08,26.0,3.7,80.97,2105.22,2024,11,November
146,10,2024-11-21,delivered,Distributor,41,CoreFit Track Jacket v1,Apparel,32.7,16.0,2.7,31.82,509.12,2024,11,November
147,58,2024-02-12,shipped,Direct Sales,34,UrbanSport Performance T-Shirt v4,Apparel,37.32,31.0,24.0,28.36,879.16,2024,2,February
148,93,2024-07-06,delivered,Distributor,7,SportRetail Pro Basketball Shoes v2,Footwear,203.78,54.0,19.3,164.45,8880.3,2024,7,July
149,49,2024-03-15,confirmed,Direct Sales,70,SpeedMax Water Bottle v5,Accessories,41.16,111.0,19.2,33.26,3691.86,2024,3,March
149,49,2024-03-15,confirmed,Direct Sales,49,AthletX Compression Tights v4,Apparel,49.35,115.0,19.7,39.63,4557.45,2024,3,March
149,49,2024-03-15,confirmed,Direct Sales,13,AthletX Training Shoes v3,Footwear,169.64,102.0,2.3,165.74,16905.48,2024,3,March
150,38,2024-02-11,confirmed,Distributor,41,CoreFit Track Jacket v1,Apparel,32.7,38.0,2.7,31.82,1209.16,2024,2,February
151,21,2024-07-23,delivered,E-commerce B2B,10,CoreFit Basketball Shoes v5,Footwear,244.64,83.0,19.4,197.18,16365.94,2024,7,July
151,21,2024-07-23,delivered,E-commerce B2B,71,CoreFit Cap v1,Accessories,33.89,95.0,9.7,30.6,2907.0,2024,7,July
151,21,2024-07-23,delivered,E-commerce B2B,115,PowerEdge Training Gloves v5,Equipment,42.73,88.0,17.6,35.21,3098.48,2024,7,July
151,21,2024-07-23,delivered,E-commerce B2B,12,AthletX Training Shoes v2,Footwear,222.62,118.0,13.5,192.57,22723.26,2024,7,July
151,21,2024-07-23,delivered,E-commerce B2B,44,PowerEdge Track Jacket v4,Apparel,67.05,11.0,0.2,66.92,736.12,2024,7,July
151,21,2024-07-23,delivered,E-commerce B2B,77,PowerEdge Headband v2,Accessories,13.22,31.0,0.8,13.11,406.41,2024,7,July
152,70,2024-01-12,confirmed,Direct Sales,85,PowerEdge Gym Bag v5,Accessories,57.4,35.0,8.1,52.75,1846.25,2024,1,January
152,70,2024-01-12,confirmed,Direct Sales,37,SpeedMax Training Shorts v2,Apparel,34.4,55.0,16.1,28.86,1587.3,2024,1,January
152,70,2024-01-12,confirmed,Direct Sales,39,SportRetail Pro Training Shorts v4,Apparel,116.72,112.0,9.2,105.98,11869.76,2024,1,January
153,38,2024-11-18,shipped,Distributor,81,PowerEdge Gym Bag v1,Accessories,29.43,31.0,17.4,24.31,753.61,2024,11,November
153,38,2024-11-18,shipped,Distributor,77,PowerEdge Headband v2,Accessories,13.22,42.0,0.8,13.11,550.62,2024,11,November
153,38,2024-11-18,shipped,Distributor,62,SportRetail Pro Sport Backpack v2,Accessories,46.43,65.0,22.2,36.12,2347.8,2024,11,November
153,38,2024-11-18,shipped,Distributor,26,SpeedMax Tennis Shoes v1,Footwear,236.69,44.0,4.8,225.33,9914.52,2024,11,November
153,38,2024-11-18,shipped,Distributor,13,AthletX Training Shoes v3,Footwear,169.64,65.0,2.3,165.74,10773.1,2024,11,November
153,38,2024-11-18,shipped,Distributor,4,AthletX Running Shoes v4,Footwear,212.08,89.0,8.5,194.05,17270.45,2024,11,November
154,49,2024-03-25,delivered,Direct Sales,24,SportRetail Pro Football Boots v4,Footwear,214.26,38.0,1.5,211.05,8019.9,2024,3,March
154,49,2024-03-25,delivered,Direct Sales,58,AthletX Sports Bra v3,Apparel,87.71,38.0,7.5,81.13,3082.94,2024,3,March
154,49,2024-03-25,delivered,Direct Sales,6,SpeedMax Basketball Shoes v1,Footwear,72.73,39.0,7.3,67.42,2629.38,2024,3,March
155,11,2024-02-13,cancelled,E-commerce B2B,45,CoreFit Track Jacket v5,Apparel,84.08,34.0,3.7,80.97,2752.98,2024,2,February
155,11,2024-02-13,cancelled,E-commerce B2B,104,UrbanSport Yoga Mat v4,Equipment,102.51,112.0,11.0,91.23,10217.76,2024,2,February
155,11,2024-02-13,cancelled,E-commerce B2B,70,SpeedMax Water Bottle v5,Accessories,41.16,71.0,19.2,33.26,2361.46,2024,2,February
155,11,2024-02-13,cancelled,E-commerce B2B,53,SportRetail Pro Football Jersey v3,Apparel,31.92,73.0,10.9,28.44,2076.12,2024,2,February
155,11,2024-02-13,cancelled,E-commerce B2B,97,UrbanSport Jump Rope v2,Equipment,105.17,65.0,2.1,102.96,6692.4,2024,2,February
155,11,2024-02-13,cancelled,E-commerce B2B,76,CoreFit Headband v1,Accessories,76.79,35.0,11.8,67.73,2370.55,2024,2,February
156,5,2024-11-14,shipped,E-commerce B2B,74,UrbanSport Cap v4,Accessories,55.15,84.0,0.7,54.76,4599.84,2024,11,November
156,5,2024-11-14,shipped,E-commerce B2B,116,SpeedMax Agility Ladder v1,Equipment,33.11,101.0,15.0,28.14,2842.14,2024,11,November
156,5,2024-11-14,shipped,E-commerce B2B,67,AthletX Water Bottle v2,Accessories,77.19,26.0,6.9,71.86,1868.36,2024,11,November
156,5,2024-11-14,shipped,E-commerce B2B,103,PowerEdge Yoga Mat v3,Equipment,29.15,108.0,6.6,27.23,2940.84,2024,11,November
156,5,2024-11-14,shipped,E-commerce B2B,87,CoreFit Sport Socks v2,Accessories,37.23,10.0,22.0,29.04,290.4,2024,11,November
157,19,2024-12-20,delivered,Distributor,34,UrbanSport Performance T-Shirt v4,Apparel,37.32,108.0,24.0,28.36,3062.88,2024,12,December
157,19,2024-12-20,delivered,Distributor,41,CoreFit Track Jacket v1,Apparel,32.7,54.0,2.7,31.82,1718.28,2024,12,December
157,19,2024-12-20,delivered,Distributor,117,SpeedMax Agility Ladder v2,Equipment,47.29,75.0,19.7,37.97,2847.75,2024,12,December
157,19,2024-12-20,delivered,Distributor,94,SportRetail Pro Resistance Bands v4,Equipment,107.56,40.0,13.8,92.72,3708.8,2024,12,December
157,19,2024-12-20,delivered,Distributor,118,UrbanSport Agility Ladder v3,Equipment,109.9,0.0,12.2,96.49,0.0,2024,12,December
158,15,2024-09-12,delivered,Distributor,20,SportRetail Pro Slides v5,Footwear,74.27,79.0,12.1,65.28,5157.12,2024,9,September
158,15,2024-09-12,delivered,Distributor,19,SportRetail Pro Slides v4,Footwear,264.05,17.0,22.0,205.96,3501.32,2024,9,September
158,15,2024-09-12,delivered,Distributor,73,SpeedMax Cap v3,Accessories,67.93,77.0,21.0,53.66,4131.82,2024,9,September
158,15,2024-09-12,delivered,Distributor,76,CoreFit Headband v1,Accessories,76.79,105.0,11.8,67.73,7111.65,2024,9,September
159,50,2024-05-12,confirmed,Distributor,63,AthletX Sport Backpack v3,Accessories,62.48,40.0,0.1,62.42,2496.8,2024,5,May
159,50,2024-05-12,confirmed,Distributor,74,UrbanSport Cap v4,Accessories,55.15,84.0,0.7,54.76,4599.84,2024,5,May
159,50,2024-05-12,confirmed,Distributor,78,SpeedMax Headband v3,Accessories,63.56,93.0,14.1,54.6,5077.8,2024,5,May
159,50,2024-05-12,confirmed,Distributor,61,AthletX Sport Backpack v1,Accessories,63.82,55.0,5.6,60.25,3313.75,2024,5,May
159,50,2024-05-12,confirmed,Distributor,5,SportRetail Pro Running Shoes v5,Footwear,135.77,47.0,8.6,124.09,5832.23,2024,5,May
159,50,2024-05-12,confirmed,Distributor,23,SpeedMax Football Boots v3,Footwear,82.23,11.0,5.6,77.63,853.93,2024,5,May
160,40,2024-08-25,delivered,Distributor,108,UrbanSport Foam Roller v3,Equipment,56.41,94.0,20.4,44.9,4220.6,2024,8,August
160,40,2024-08-25,delivered,Distributor,63,AthletX Sport Backpack v3,Accessories,62.48,116.0,0.1,62.42,7240.72,2024,8,August
160,40,2024-08-25,delivered,Distributor,110,UrbanSport Foam Roller v5,Equipment,18.49,43.0,2.2,18.08,777.44,2024,8,August
161,94,2024-01-17,delivered,Direct Sales,78,SpeedMax Headband v3,Accessories,63.56,61.0,14.1,54.6,3330.6,2024,1,January
161,94,2024-01-17,delivered,Direct Sales,83,SpeedMax Gym Bag v3,Accessories,75.79,110.0,2.6,73.82,8120.2,2024,1,January
161,94,2024-01-17,delivered,Direct Sales,12,AthletX Training Shoes v2,Footwear,222.62,67.0,13.5,192.57,12902.19,2024,1,January
161,94,2024-01-17,delivered,Direct Sales,25,PowerEdge Football Boots v5,Footwear,164.22,116.0,13.5,142.05,16477.8,2024,1,January
162,40,2024-05-12,delivered,E-commerce B2B,65,PowerEdge Sport Backpack v5,Accessories,52.49,117.0,14.0,45.14,5281.38,2024,5,May
162,40,2024-05-12,delivered,E-commerce B2B,52,UrbanSport Football Jersey v2,Apparel,56.43,27.0,0.7,56.03,1512.81,2024,5,May
162,40,2024-05-12,delivered,E-commerce B2B,18,CoreFit Slides v3,Footwear,226.56,111.0,13.5,195.97,21752.67,2024,5,May
162,40,2024-05-12,delivered,E-commerce B2B,100,PowerEdge Jump Rope v5,Equipment,22.71,12.0,6.0,21.35,256.2,2024,5,May
162,40,2024-05-12,delivered,E-commerce B2B,109,SportRetail Pro Foam Roller v4,Equipment,96.48,63.0,8.2,88.57,5579.91,2024,5,May
162,40,2024-05-12,delivered,E-commerce B2B,68,PowerEdge Water Bottle v3,Accessories,32.86,51.0,6.8,30.63,1562.13,2024,5,May
163,51,2024-02-10,confirmed,Direct Sales,119,UrbanSport Agility Ladder v4,Equipment,50.83,67.0,23.3,38.99,2612.33,2024,2,February
163,51,2024-02-10,confirmed,Direct Sales,16,CoreFit Slides v1,Footwear,152.82,27.0,11.3,135.55,3659.85,2024,2,February
163,51,2024-02-10,confirmed,Direct Sales,88,SportRetail Pro Sport Socks v3,Accessories,29.31,65.0,10.2,26.32,1710.8,2024,2,February
163,51,2024-02-10,confirmed,Direct Sales,4,AthletX Running Shoes v4,Footwear,212.08,49.0,8.5,194.05,9508.45,2024,2,February
163,51,2024-02-10,confirmed,Direct Sales,31,SportRetail Pro Performance T-Shirt v1,Apparel,38.11,112.0,0.1,38.07,4263.84,2024,2,February
163,51,2024-02-10,confirmed,Direct Sales,48,SpeedMax Compression Tights v3,Apparel,22.73,100.0,18.4,18.55,1855.0,2024,2,February
164,21,2024-03-21,confirmed,Direct Sales,100,PowerEdge Jump Rope v5,Equipment,22.71,33.0,6.0,21.35,704.55,2024,3,March
164,21,2024-03-21,confirmed,Direct Sales,28,SportRetail Pro Tennis Shoes v3,Footwear,110.95,39.0,4.8,105.62,4119.18,2024,3,March
164,21,2024-03-21,confirmed,Direct Sales,110,UrbanSport Foam Roller v5,Equipment,18.49,70.0,2.2,18.08,1265.6,2024,3,March
164,21,2024-03-21,confirmed,Direct Sales,29,SportRetail Pro Tennis Shoes v4,Footwear,154.7,104.0,21.5,121.44,12629.76,2024,3,March
164,21,2024-03-21,confirmed,Direct Sales,83,SpeedMax Gym Bag v3,Accessories,75.79,0.0,2.6,73.82,0.0,2024,3,March
165,29,2024-06-15,shipped,Distributor,78,SpeedMax Headband v3,Accessories,63.56,96.0,14.1,54.6,5241.6,2024,6,June
165,29,2024-06-15,shipped,Distributor,104,UrbanSport Yoga Mat v4,Equipment,102.51,87.0,11.0,91.23,7937.01,2024,6,June
165,29,2024-06-15,shipped,Distributor,40,PowerEdge Training Shorts v5,Apparel,78.18,119.0,16.7,65.12,7749.28,2024,6,June
166,39,2024-06-09,delivered,Distributor,67,AthletX Water Bottle v2,Accessories,77.19,5.0,6.9,71.86,359.3,2024,6,June
166,39,2024-06-09,delivered,Distributor,106,SportRetail Pro Foam Roller v1,Equipment,36.75,89.0,16.9,30.54,2718.06,2024,6,June
166,39,2024-06-09,delivered,Distributor,80,CoreFit Headband v5,Accessories,56.06,112.0,22.7,43.33,4852.96,2024,6,June
166,39,2024-06-09,delivered,Distributor,51,CoreFit Football Jersey v1,Apparel,115.08,87.0,24.2,87.23,7589.01,2024,6,June
166,39,2024-06-09,delivered,Distributor,75,CoreFit Cap v5,Accessories,26.93,41.0,8.2,24.72,1013.52,2024,6,June
166,39,2024-06-09,delivered,Distributor,14,SpeedMax Training Shoes v4,Footwear,189.19,18.0,9.6,171.03,3078.54,2024,6,June
167,34,2024-08-10,shipped,Distributor,92,AthletX Resistance Bands v2,Equipment,35.56,71.0,12.1,31.26,2219.46,2024,8,August
167,34,2024-08-10,shipped,Distributor,115,PowerEdge Training Gloves v5,Equipment,42.73,120.0,17.6,35.21,4225.2,2024,8,August
167,34,2024-08-10,shipped,Distributor,84,PowerEdge Gym Bag v4,Accessories,51.74,114.0,16.3,43.31,4937.34,2024,8,August
167,34,2024-08-10,shipped,Distributor,39,SportRetail Pro Training Shorts v4,Apparel,116.72,81.0,9.2,105.98,8584.38,2024,8,August
167,34,2024-08-10,shipped,Distributor,25,PowerEdge Football Boots v5,Footwear,164.22,45.0,13.5,142.05,6392.25,2024,8,August
167,34,2024-08-10,shipped,Distributor,20,SportRetail Pro Slides v5,Footwear,74.27,97.0,12.1,65.28,6332.16,2024,8,August
168,52,2024-11-12,delivered,Direct Sales,95,SportRetail Pro Resistance Bands v5,Equipment,69.54,78.0,11.7,61.4,4789.2,2024,11,November
168,52,2024-11-12,delivered,Direct Sales,5,SportRetail Pro Running Shoes v5,Footwear,135.77,48.0,8.6,124.09,5956.32,2024,11,November
168,52,2024-11-12,delivered,Direct Sales,75,CoreFit Cap v5,Accessories,26.93,33.0,8.2,24.72,815.76,2024,11,November
168,52,2024-11-12,delivered,Direct Sales,91,CoreFit Resistance Bands v1,Equipment,36.9,86.0,18.0,30.26,2602.36,2024,11,November
169,85,2024-04-24,delivered,Distributor,24,SportRetail Pro Football Boots v4,Footwear,214.26,99.0,1.5,211.05,20893.95,2024,4,April
169,85,2024-04-24,delivered,Distributor,38,UrbanSport Training Shorts v3,Apparel,129.83,108.0,24.9,97.5,10530.0,2024,4,April
169,85,2024-04-24,delivered,Distributor,13,AthletX Training Shoes v3,Footwear,169.64,28.0,2.3,165.74,4640.72,2024,4,April
169,85,2024-04-24,delivered,Distributor,61,AthletX Sport Backpack v1,Accessories,63.82,120.0,5.6,60.25,7230.0,2024,4,April
169,85,2024-04-24,delivered,Distributor,17,AthletX Slides v2,Footwear,169.23,16.0,2.7,164.66,2634.56,2024,4,April
170,43,2024-10-03,delivered,Direct Sales,34,UrbanSport Performance T-Shirt v4,Apparel,37.32,64.0,24.0,28.36,1815.04,2024,10,October
170,43,2024-10-03,delivered,Direct Sales,75,CoreFit Cap v5,Accessories,26.93,65.0,8.2,24.72,1606.8,2024,10,October
170,43,2024-10-03,delivered,Direct Sales,38,UrbanSport Training Shorts v3,Apparel,129.83,86.0,24.9,97.5,8385.0,2024,10,October
171,65,2024-05-14,confirmed,Direct Sales,112,PowerEdge Training Gloves v2,Equipment,56.99,92.0,1.3,56.25,5175.0,2024,5,May
172,18,2024-12-06,delivered,Distributor,44,PowerEdge Track Jacket v4,Apparel,67.05,77.0,0.2,66.92,5152.84,2024,12,December
172,18,2024-12-06,delivered,Distributor,53,SportRetail Pro Football Jersey v3,Apparel,31.92,63.0,10.9,28.44,1791.72,2024,12,December
173,43,2024-07-14,cancelled,Distributor,23,SpeedMax Football Boots v3,Footwear,82.23,40.0,5.6,77.63,3105.2,2024,7,July
173,43,2024-07-14,cancelled,Distributor,41,CoreFit Track Jacket v1,Apparel,32.7,104.0,2.7,31.82,3309.28,2024,7,July
173,43,2024-07-14,cancelled,Distributor,82,UrbanSport Gym Bag v2,Accessories,72.61,102.0,8.7,66.29,6761.58,2024,7,July
173,43,2024-07-14,cancelled,Distributor,8,CoreFit Basketball Shoes v3,Footwear,91.6,105.0,8.9,83.45,8762.25,2024,7,July
173,43,2024-07-14,cancelled,Distributor,1,PowerEdge Running Shoes v1,Footwear,80.05,16.0,18.5,65.24,1043.84,2024,7,July
173,43,2024-07-14,cancelled,Distributor,58,AthletX Sports Bra v3,Apparel,87.71,60.0,7.5,81.13,4867.8,2024,7,July
174,1,2024-01-11,delivered,E-commerce B2B,69,PowerEdge Water Bottle v4,Accessories,22.22,30.0,5.3,21.04,631.2,2024,1,January
175,25,2024-04-08,delivered,Distributor,87,CoreFit Sport Socks v2,Accessories,37.23,5.0,22.0,29.04,145.2,2024,4,April
176,40,2024-01-10,cancelled,Distributor,14,SpeedMax Training Shoes v4,Footwear,189.19,69.0,9.6,171.03,11801.07,2024,1,January
176,40,2024-01-10,cancelled,Distributor,50,SpeedMax Compression Tights v5,Apparel,58.46,26.0,20.5,46.48,1208.48,2024,1,January
177,94,2024-04-08,delivered,Direct Sales,77,PowerEdge Headband v2,Accessories,13.22,92.0,0.8,13.11,1206.12,2024,4,April
177,94,2024-04-08,delivered,Direct Sales,68,PowerEdge Water Bottle v3,Accessories,32.86,48.0,6.8,30.63,1470.24,2024,4,April
177,94,2024-04-08,delivered,Direct Sales,44,PowerEdge Track Jacket v4,Apparel,67.05,67.0,0.2,66.92,4483.64,2024,4,April
177,94,2024-04-08,delivered,Direct Sales,56,CoreFit Sports Bra v1,Apparel,88.55,29.0,16.6,73.85,2141.65,2024,4,April
177,94,2024-04-08,delivered,Direct Sales,114,SpeedMax Training Gloves v4,Equipment,23.85,108.0,24.8,17.94,1937.52,2024,4,April
178,28,2024-01-02,delivered,Distributor,3,AthletX Running Shoes v3,Footwear,216.1,96.0,17.5,178.28,17114.88,2024,1,January
178,28,2024-01-02,delivered,Distributor,76,CoreFit Headband v1,Accessories,76.79,9.0,11.8,67.73,609.57,2024,1,January
178,28,2024-01-02,delivered,Distributor,65,PowerEdge Sport Backpack v5,Accessories,52.49,86.0,14.0,45.14,3882.04,2024,1,January
178,28,2024-01-02,delivered,Distributor,22,PowerEdge Football Boots v2,Footwear,210.22,73.0,17.8,172.8,12614.4,2024,1,January
178,28,2024-01-02,delivered,Distributor,16,CoreFit Slides v1,Footwear,152.82,81.0,11.3,135.55,10979.55,2024,1,January
178,28,2024-01-02,delivered,Distributor,47,SpeedMax Compression Tights v2,Apparel,127.12,89.0,18.7,103.35,9198.15,2024,1,January
179,57,2024-09-09,delivered,E-commerce B2B,16,CoreFit Slides v1,Footwear,152.82,94.0,11.3,135.55,12741.7,2024,9,September
179,57,2024-09-09,delivered,E-commerce B2B,71,CoreFit Cap v1,Accessories,33.89,93.0,9.7,30.6,2845.8,2024,9,September
179,57,2024-09-09,delivered,E-commerce B2B,33,UrbanSport Performance T-Shirt v3,Apparel,100.93,6.0,1.5,99.42,596.52,2024,9,September
179,57,2024-09-09,delivered,E-commerce B2B,61,AthletX Sport Backpack v1,Accessories,63.82,89.0,5.6,60.25,5362.25,2024,9,September
180,18,2024-05-27,delivered,Direct Sales,107,CoreFit Foam Roller v2,Equipment,69.74,97.0,19.1,56.42,5472.74,2024,5,May
180,18,2024-05-27,delivered,Direct Sales,116,SpeedMax Agility Ladder v1,Equipment,33.11,41.0,15.0,28.14,1153.74,2024,5,May
180,18,2024-05-27,delivered,Direct Sales,14,SpeedMax Training Shoes v4,Footwear,189.19,18.0,9.6,171.03,3078.54,2024,5,May
180,18,2024-05-27,delivered,Direct Sales,66,UrbanSport Water Bottle v1,Accessories,44.14,82.0,22.7,34.12,2797.84,2024,5,May
181,46,2024-02-25,delivered,E-commerce B2B,53,SportRetail Pro Football Jersey v3,Apparel,31.92,31.0,10.9,28.44,881.64,2024,2,February
181,46,2024-02-25,delivered,E-commerce B2B,38,UrbanSport Training Shorts v3,Apparel,129.83,66.0,24.9,97.5,6435.0,2024,2,February
181,46,2024-02-25,delivered,E-commerce B2B,21,SpeedMax Football Boots v1,Footwear,268.04,0.0,4.1,257.05,0.0,2024,2,February
181,46,2024-02-25,delivered,E-commerce B2B,6,SpeedMax Basketball Shoes v1,Footwear,72.73,16.0,7.3,67.42,1078.72,2024,2,February
181,46,2024-02-25,delivered,E-commerce B2B,71,CoreFit Cap v1,Accessories,33.89,111.0,9.7,30.6,3396.6,2024,2,February
181,46,2024-02-25,delivered,E-commerce B2B,64,PowerEdge Sport Backpack v4,Accessories,51.44,68.0,1.3,50.77,3452.36,2024,2,February
182,93,2024-08-10,shipped,Direct Sales,116,SpeedMax Agility Ladder v1,Equipment,33.11,37.0,15.0,28.14,1041.18,2024,8,August
183,13,2024-07-24,confirmed,Direct Sales,112,PowerEdge Training Gloves v2,Equipment,56.99,114.0,1.3,56.25,6412.5,2024,7,July
183,13,2024-07-24,confirmed,Direct Sales,6,SpeedMax Basketball Shoes v1,Footwear,72.73,107.0,7.3,67.42,7213.94,2024,7,July
184,2,2024-10-09,delivered,Direct Sales,85,PowerEdge Gym Bag v5,Accessories,57.4,26.0,8.1,52.75,1371.5,2024,10,October
184,2,2024-10-09,delivered,Direct Sales,83,SpeedMax Gym Bag v3,Accessories,75.79,119.0,2.6,73.82,8784.58,2024,10,October
185,48,2024-07-21,delivered,Direct Sales,24,SportRetail Pro Football Boots v4,Footwear,214.26,56.0,1.5,211.05,11818.8,2024,7,July
185,48,2024-07-21,delivered,Direct Sales,15,SportRetail Pro Training Shoes v5,Footwear,208.06,39.0,2.9,202.03,7879.17,2024,7,July
185,48,2024-07-21,delivered,Direct Sales,52,UrbanSport Football Jersey v2,Apparel,56.43,93.0,0.7,56.03,5210.79,2024,7,July
186,15,2024-07-19,delivered,E-commerce B2B,90,SpeedMax Sport Socks v5,Accessories,54.28,12.0,8.6,49.61,595.32,2024,7,July
186,15,2024-07-19,delivered,E-commerce B2B,93,SportRetail Pro Resistance Bands v3,Equipment,94.1,113.0,7.4,87.14,9846.82,2024,7,July
187,87,2024-08-04,delivered,Distributor,24,SportRetail Pro Football Boots v4,Footwear,214.26,50.0,1.5,211.05,10552.5,2024,8,August
187,87,2024-08-04,delivered,Distributor,79,UrbanSport Headband v4,Accessories,87.1,115.0,18.0,71.42,8213.3,2024,8,August
187,87,2024-08-04,delivered,Distributor,49,AthletX Compression Tights v4,Apparel,49.35,112.0,19.7,39.63,4438.56,2024,8,August
187,87,2024-08-04,delivered,Distributor,100,PowerEdge Jump Rope v5,Equipment,22.71,119.0,6.0,21.35,2540.65,2024,8,August
188,6,2024-12-28,delivered,E-commerce B2B,34,UrbanSport Performance T-Shirt v4,Apparel,37.32,88.0,24.0,28.36,2495.68,2024,12,December
189,74,2024-09-20,confirmed,E-commerce B2B,73,SpeedMax Cap v3,Accessories,67.93,71.0,21.0,53.66,3809.86,2024,9,September
189,74,2024-09-20,confirmed,E-commerce B2B,29,SportRetail Pro Tennis Shoes v4,Footwear,154.7,84.0,21.5,121.44,10200.96,2024,9,September
189,74,2024-09-20,confirmed,E-commerce B2B,86,SpeedMax Sport Socks v1,Accessories,55.59,89.0,16.7,46.31,4121.59,2024,9,September
189,74,2024-09-20,confirmed,E-commerce B2B,112,PowerEdge Training Gloves v2,Equipment,56.99,66.0,1.3,56.25,3712.5,2024,9,September
189,74,2024-09-20,confirmed,E-commerce B2B,44,PowerEdge Track Jacket v4,Apparel,67.05,91.0,0.2,66.92,6089.72,2024,9,September
189,74,2024-09-20,confirmed,E-commerce B2B,67,AthletX Water Bottle v2,Accessories,77.19,24.0,6.9,71.86,1724.64,2024,9,September
190,21,2024-07-27,shipped,Distributor,109,SportRetail Pro Foam Roller v4,Equipment,96.48,26.0,8.2,88.57,2302.82,2024,7,July
190,21,2024-07-27,shipped,Distributor,61,AthletX Sport Backpack v1,Accessories,63.82,67.0,5.6,60.25,4036.75,2024,7,July
190,21,2024-07-27,shipped,Distributor,110,UrbanSport Foam Roller v5,Equipment,18.49,47.0,2.2,18.08,849.76,2024,7,July
190,21,2024-07-27,shipped,Distributor,64,PowerEdge Sport Backpack v4,Accessories,51.44,11.0,1.3,50.77,558.47,2024,7,July
190,21,2024-07-27,shipped,Distributor,112,PowerEdge Training Gloves v2,Equipment,56.99,75.0,1.3,56.25,4218.75,2024,7,July
191,57,2024-10-20,delivered,E-commerce B2B,58,AthletX Sports Bra v3,Apparel,87.71,20.0,7.5,81.13,1622.6,2024,10,October
191,57,2024-10-20,delivered,E-commerce B2B,12,AthletX Training Shoes v2,Footwear,222.62,100.0,13.5,192.57,19257.0,2024,10,October
191,57,2024-10-20,delivered,E-commerce B2B,110,UrbanSport Foam Roller v5,Equipment,18.49,18.0,2.2,18.08,325.44,2024,10,October
191,57,2024-10-20,delivered,E-commerce B2B,64,PowerEdge Sport Backpack v4,Accessories,51.44,9.0,1.3,50.77,456.93,2024,10,October
191,57,2024-10-20,delivered,E-commerce B2B,41,CoreFit Track Jacket v1,Apparel,32.7,5.0,2.7,31.82,159.1,2024,10,October
192,72,2024-04-28,delivered,E-commerce B2B,84,PowerEdge Gym Bag v4,Accessories,51.74,63.0,16.3,43.31,2728.53,2024,4,April
192,72,2024-04-28,delivered,E-commerce B2B,86,SpeedMax Sport Socks v1,Accessories,55.59,51.0,16.7,46.31,2361.81,2024,4,April
193,99,2024-09-12,delivered,Direct Sales,77,PowerEdge Headband v2,Accessories,13.22,96.0,0.8,13.11,1258.56,2024,9,September
193,99,2024-09-12,delivered,Direct Sales,61,AthletX Sport Backpack v1,Accessories,63.82,17.0,5.6,60.25,1024.25,2024,9,September
193,99,2024-09-12,delivered,Direct Sales,92,AthletX Resistance Bands v2,Equipment,35.56,0.0,12.1,31.26,0.0,2024,9,September
193,99,2024-09-12,delivered,Direct Sales,85,PowerEdge Gym Bag v5,Accessories,57.4,50.0,8.1,52.75,2637.5,2024,9,September
193,99,2024-09-12,delivered,Direct Sales,47,SpeedMax Compression Tights v2,Apparel,127.12,107.0,18.7,103.35,11058.45,2024,9,September
194,22,2024-08-27,delivered,E-commerce B2B,18,CoreFit Slides v3,Footwear,226.56,97.0,13.5,195.97,19009.09,2024,8,August
194,22,2024-08-27,delivered,E-commerce B2B,106,SportRetail Pro Foam Roller v1,Equipment,36.75,37.0,16.9,30.54,1129.98,2024,8,August
194,22,2024-08-27,delivered,E-commerce B2B,92,AthletX Resistance Bands v2,Equipment,35.56,29.0,12.1,31.26,906.54,2024,8,August
194,22,2024-08-27,delivered,E-commerce B2B,96,SportRetail Pro Jump Rope v1,Equipment,93.1,114.0,10.0,83.79,9552.06,2024,8,August
195,44,2024-11-27,delivered,Direct Sales,97,UrbanSport Jump Rope v2,Equipment,105.17,58.0,2.1,102.96,5971.68,2024,11,November
196,99,2024-08-17,delivered,Direct Sales,59,UrbanSport Sports Bra v4,Apparel,86.73,22.0,8.1,79.7,1753.4,2024,8,August
196,99,2024-08-17,delivered,Direct Sales,85,PowerEdge Gym Bag v5,Accessories,57.4,5.0,8.1,52.75,263.75,2024,8,August
196,99,2024-08-17,delivered,Direct Sales,76,CoreFit Headband v1,Accessories,76.79,11.0,11.8,67.73,745.03,2024,8,August
196,99,2024-08-17,delivered,Direct Sales,65,PowerEdge Sport Backpack v5,Accessories,52.49,60.0,14.0,45.14,2708.4,2024,8,August
197,89,2024-05-13,cancelled,Distributor,23,SpeedMax Football Boots v3,Footwear,82.23,54.0,5.6,77.63,4192.02,2024,5,May
197,89,2024-05-13,cancelled,Distributor,94,SportRetail Pro Resistance Bands v4,Equipment,107.56,82.0,13.8,92.72,7603.04,2024,5,May
197,89,2024-05-13,cancelled,Distributor,105,UrbanSport Yoga Mat v5,Equipment,61.91,69.0,2.0,60.67,4186.23,2024,5,May
197,89,2024-05-13,cancelled,Distributor,17,AthletX Slides v2,Footwear,169.23,58.0,2.7,164.66,9550.28,2024,5,May
197,89,2024-05-13,cancelled,Distributor,14,SpeedMax Training Shoes v4,Footwear,189.19,93.0,9.6,171.03,15905.79,2024,5,May
198,58,2024-12-18,delivered,E-commerce B2B,18,CoreFit Slides v3,Footwear,226.56,82.0,13.5,195.97,16069.54,2024,12,December
198,58,2024-12-18,delivered,E-commerce B2B,53,SportRetail Pro Football Jersey v3,Apparel,31.92,100.0,10.9,28.44,2844.0,2024,12,December
199,95,2024-12-21,shipped,Direct Sales,81,PowerEdge Gym Bag v1,Accessories,29.43,96.0,17.4,24.31,2333.76,2024,12,December
199,95,2024-12-21,shipped,Direct Sales,28,SportRetail Pro Tennis Shoes v3,Footwear,110.95,49.0,4.8,105.62,5175.38,2024,12,December
199,95,2024-12-21,shipped,Direct Sales,26,SpeedMax Tennis Shoes v1,Footwear,236.69,21.0,4.8,225.33,4731.93,2024,12,December
199,95,2024-12-21,shipped,Direct Sales,27,PowerEdge Tennis Shoes v2,Footwear,67.19,88.0,16.3,56.24,4949.12,2024,12,December
199,95,2024-12-21,shipped,Direct Sales,80,CoreFit Headband v5,Accessories,56.06,27.0,22.7,43.33,1169.91,2024,12,December
200,98,2024-09-10,delivered,Distributor,72,UrbanSport Cap v2,Accessories,81.82,78.0,12.2,71.84,5603.52,2024,9,September
200,98,2024-09-10,delivered,Distributor,62,SportRetail Pro Sport Backpack v2,Accessories,46.43,95.0,22.2,36.12,3431.4,2024,9,September
200,98,2024-09-10,delivered,Distributor,75,CoreFit Cap v5,Accessories,26.93,100.0,8.2,24.72,2472.0,2024,9,September
